dealId,legacyId,date,dealStatus,closingDate,target,country,region,bucket,classification,confidence,scopeReason,supportedCompanyIds,supportedCompanyNames,classificationReason,ambiguityReasons,supportingSourceUrls,coverageSnapshotSha256
"cmrv5v3zu0000h8hefq9aaday","WB-2026-05-02-001","2026-05-08","ANNOUNCED","","Power Factors","Global","NORTH_AMERICA","NO_EXISTING_COMPANY_MATCH","DIRECT_DEAL_COMPANY_CITATION","HIGH","No pre-existing portfolio-company update was approved in this reconciliation; any current match may reflect a later approved new-company addition.","j26_company_73d971e0f59d91410eff4415","Power Factors","At least one published company is explicitly linked to the deal by a Citation row carrying both IDs.","","https://www.powerfactors.com/news/power-factors-welcomes-mubadala-as-strategic-investor-to-support-next-phase-of-growth","9c4bb1041abb4e4712240424b0f5de071dee503303b5ebc3e30d86a6624967e5"
"cmrv5v4br0004h8henkxru5tr","WB-2026-05-02-002","2026-05-08","ANNOUNCED","","Air Liquide Biogas Assets","United States / Europe","NORTH_AMERICA","CONFIRMED_EXISTING_COMPANY_MATCH","DIRECT_DEAL_COMPANY_CITATION","HIGH","Reviewed July 21 reconciliation confirmed an existing portfolio-company relationship.","cmnva13m1016hm8lzzalryzuc","Mobius Renewables","At least one published company is explicitly linked to the deal by a Citation row carrying both IDs.","","https://www.airliquide.com/group/press-releases-news/2026-05-04/air-liquide-divests-its-biogas-production-activities-four-countries","f68a2cdfbb1ad433d939744d4cdd9c462f52e47aa7266aeb4fab9db6809eb504"
"cmrv5v4oq0009h8he2hi351yj","WB-2026-05-02-003","2026-05-08","ANNOUNCED","","Nordergründe Offshore Wind Farm","Germany","EUROPE","NO_EXISTING_COMPANY_MATCH","NO_PROVEN_EXISTING_COMPANY_RELATIONSHIP","NONE","No pre-existing portfolio-company update was approved in this reconciliation; any current match may reflect a later approved new-company addition.","","","No direct citation, deterministic target match, explicit platform signal, or shared company source was found.","","","3f56263b3f88852602caa73903993f830916c10a640f145ed37f2ec33bb1d6e6"
"cmrv5v51m000eh8heazmrw2a1","WB-2026-05-02-004","2026-05-08","ANNOUNCED","","117 MWp Sicily Agrivoltaic Portfolio","Italy","EUROPE","NO_EXISTING_COMPANY_MATCH","NO_PROVEN_EXISTING_COMPANY_RELATIONSHIP","NONE","No pre-existing portfolio-company update was approved in this reconciliation; any current match may reflect a later approved new-company addition.","","","No direct citation, deterministic target match, explicit platform signal, or shared company source was found.","","","6dc58601c4c311014898ed22551fb436642bf51b6bba9fbe609e4670b750f50b"
"cmrv5v5dd000jh8hec6b1pmyr","WB-2026-05-02-005","2026-05-08","ANNOUNCED","","BayWa r.e. Power Solutions","Italy","EUROPE","CONFIRMED_EXISTING_COMPANY_MATCH","DIRECT_DEAL_COMPANY_CITATION","HIGH","Reviewed July 21 reconciliation confirmed an existing portfolio-company relationship.","cmnva0s7a00mwm8lzxn1f2868","BayWa r.e. AG","At least one published company is explicitly linked to the deal by a Citation row carrying both IDs.","","https://www.baywa-re.com/en/news/fervo-acquires-baywa-r-e-power-solutions","9a529edd6dece6bc44d00e1631e896fab4d7efc6b578a7cca08161e36f309bf2"
"cmrv5v5tm000ph8hevth9zmdg","WB-2026-05-02-006","2026-05-08","CLOSED","","Accelerate Infrastructure Opportunities","United States","NORTH_AMERICA","CONFIRMED_EXISTING_COMPANY_MATCH","DIRECT_DEAL_COMPANY_CITATION","HIGH","Reviewed July 21 reconciliation confirmed an existing portfolio-company relationship.","cmnva0y3f00wsm8lz8ghiksys","Accelerate Infrastructure Opportunities","At least one published company is explicitly linked to the deal by a Citation row carrying both IDs.","","https://www.cbreim.com/press-releases/cbre-im-backed-accelerate-surpasses-1-25-billion-dollars-of-equity-commitments","7ae062df6b1115672db725fc4a6ecc6c14ea8b144999f30ab971995fa7b9b23a"
"cmrv5v672000uh8hemppzfgz1","WB-2026-05-02-007","2026-05-08","ANNOUNCED","","NEXTDC","Australia","ASIA_PACIFIC","NO_EXISTING_COMPANY_MATCH","NO_PROVEN_EXISTING_COMPANY_RELATIONSHIP","NONE","No pre-existing portfolio-company update was approved in this reconciliation; any current match may reflect a later approved new-company addition.","","","No direct citation, deterministic target match, explicit platform signal, or shared company source was found.","","","772922ff3f8d1d5fd912fed4941e7a9f9a69162abc7eaba732be2a888aac634d"
"cmrv5v6fn000yh8hezmcs2yes","WB-2026-05-02-008","2026-05-08","ANNOUNCED","","Americold North American Cold Storage JV","North America","NORTH_AMERICA","NO_EXISTING_COMPANY_MATCH","NO_PROVEN_EXISTING_COMPANY_RELATIONSHIP","NONE","No pre-existing portfolio-company update was approved in this reconciliation; any current match may reflect a later approved new-company addition.","","","No direct citation, deterministic target match, explicit platform signal, or shared company source was found.","","","e3ecf6473748c1cfae5ede6584df7c88268fdc1cba04737110939f5f9f20cbdc"
"cmrv5v6qs0012h8heslw5y9nr","WB-2026-05-02-009","2026-05-08","ANNOUNCED","","Textainer / Seaco","Global","NORTH_AMERICA","NO_EXISTING_COMPANY_MATCH","NO_PROVEN_EXISTING_COMPANY_RELATIONSHIP","NONE","No pre-existing portfolio-company update was approved in this reconciliation; any current match may reflect a later approved new-company addition.","","","No direct citation, deterministic target match, explicit platform signal, or shared company source was found.","","","d0824fc6d654d58d1ac4883e7427e3e8072744636a9a9751708f84c94855af1a"
"cmrv5v73v0017h8heeny4a7s8","WB-2026-05-02-011","2026-05-08","ANNOUNCED","","bestUV","Netherlands","EUROPE","CONFIRMED_EXISTING_COMPANY_MATCH","DIRECT_DEAL_COMPANY_CITATION","HIGH","Reviewed July 21 reconciliation confirmed an existing portfolio-company relationship.","cmnva10ir0113m8lzk0e3tavw","H2O Innovation Inc.","At least one published company is explicitly linked to the deal by a Citation row carrying both IDs.","","https://www.globenewswire.com/news-release/2026/05/04/3286757/0/en/H2O-Innovation-Enters-the-UV-Disinfection-Market-with-the-Acquisition-of-bestUV.html","dbaf7ff8c4daf6f1d9cd6641b543dbaa5bfcaee66b333eb17934099642c3f137"
"cmrv5v96j0023h8hebdm8cy3x","INF-2026-206","2026-05-11","ANNOUNCED","","BMO Transportation and Vendor Finance","United States / Canada","NORTH_AMERICA","NO_EXISTING_COMPANY_MATCH","DIRECT_DEAL_COMPANY_CITATION","HIGH","No pre-existing portfolio-company update was approved in this reconciliation; any current match may reflect a later approved new-company addition.","j26_company_8ba7887457845249d04729dd","BMO Transportation and Vendor Finance","At least one published company is explicitly linked to the deal by a Citation row carrying both IDs.","","https://stonepeak.com/news/stonepeak-to-acquire-bmo-transportation-and-vendor-finance","d3dfb3a7acaaa7c95ce030131fcd18940c9efa2bb3b0ee06e9bd15627401b256"
"cmrv5v7fm001ch8hec59twflv","INF-2026-207","2026-05-11","ANNOUNCED","","Siruai Wind and Storage Project","Kenya","MIDDLE_EAST_AFRICA","NO_EXISTING_COMPANY_MATCH","NO_PROVEN_EXISTING_COMPANY_RELATIONSHIP","NONE","No pre-existing portfolio-company update was approved in this reconciliation; any current match may reflect a later approved new-company addition.","","","No direct citation, deterministic target match, explicit platform signal, or shared company source was found.","","","0a02d4aea139a5b6e989fba611a4d72fff4fa29c8af6fbd0a17f84b7c27afa41"
"cmrv5v9jw0029h8hecq15du7g","INF-2026-209","2026-05-11","ANNOUNCED","","R.E.L.A.M.","United States / Canada","NORTH_AMERICA","NO_EXISTING_COMPANY_MATCH","DIRECT_DEAL_COMPANY_CITATION","HIGH","No pre-existing portfolio-company update was approved in this reconciliation; any current match may reflect a later approved new-company addition.","j26_company_1687d4667f7fd0fe148ec99b","R.E.L.A.M.","At least one published company is explicitly linked to the deal by a Citation row carrying both IDs.","","https://pacelineequity.com/paceline-equity-partners-agrees-to-sell-r-e-l-a-m/","5febcc9bc5b032362afdbaa7afc1ec3c03457380cd3962fa8612b7aae1773d9a"
"cmrv5v9wb002fh8hei5y6888v","INF-2026-210","2026-05-12","CLOSED","","Corporate Air","United States","NORTH_AMERICA","CONFIRMED_EXISTING_COMPANY_MATCH","DIRECT_DEAL_COMPANY_CITATION","HIGH","Reviewed July 21 reconciliation confirmed an existing portfolio-company relationship.","cmnva13q0016nm8lzhdq43gms","Infinity Aviation Group","At least one published company is explicitly linked to the deal by a Citation row carrying both IDs.","","https://www.globenewswire.com/news-release/2026/05/12/3293191/0/en/Infinity-Aviation-Group-Expands-Private-Jet-FBO-Network-Acquires-Corporate-Air-in-Vero-Beach-FL.html","1c585389d0c9b2e9f7dbef985015fbe29d9ea1a7dce54188a714a95788da7628"
"cmrv5v8fr001sh8hef5uhz2lp","INF-2026-211","2026-05-12","CLOSED","","Kao Data Park Royal Site","United Kingdom","EUROPE","NO_EXISTING_COMPANY_MATCH","NO_PROVEN_EXISTING_COMPANY_RELATIONSHIP","NONE","No pre-existing portfolio-company update was approved in this reconciliation; any current match may reflect a later approved new-company addition.","","","No direct citation, deterministic target match, explicit platform signal, or shared company source was found.","","","db495ed471a7fccf81b036c66a95af6cae4be24c30f8baf9b3ce0e5769defc31"
"cmrv5vavx002wh8he271qj3vy","INF-2026-212","2026-05-12","ANNOUNCED","","Terrafame Sotkamo Electrical Grid Assets","Finland","EUROPE","NO_EXISTING_COMPANY_MATCH","NO_PROVEN_EXISTING_COMPANY_RELATIONSHIP","NONE","No pre-existing portfolio-company update was approved in this reconciliation; any current match may reflect a later approved new-company addition.","","","No direct citation, deterministic target match, explicit platform signal, or shared company source was found.","","","f253bfd9a22c53e4a250f839610ab3795eb948473ad7186f52c62f69607e7828"
"cmrv5vc8a003ih8hegle8lrxs","INF-2026-213","2026-05-12","CLOSED","","Noble Environmental","United States","NORTH_AMERICA","NO_EXISTING_COMPANY_MATCH","DIRECT_DEAL_COMPANY_CITATION","HIGH","No pre-existing portfolio-company update was approved in this reconciliation; any current match may reflect a later approved new-company addition.","j26_company_9beb303ff97bc2086d4fa105","Noble Environmental, Inc.","At least one published company is explicitly linked to the deal by a Citation row carrying both IDs.","","https://ir.apollo.com/news-events/press-releases/detail/625/apollo-funds-acquire-majority-stake-in-noble-environmental","feddc80948d111a44bccd89cb69e065e8a78438bba004d2569553f9f1787c782"
"cmrv5v7mk001gh8he9fhhfubt","INF-2026-214","2026-05-12","ANNOUNCED","","Hornsea 3 Offshore Wind Farm","United Kingdom","EUROPE","NO_EXISTING_COMPANY_MATCH","NO_PROVEN_EXISTING_COMPANY_RELATIONSHIP","NONE","No pre-existing portfolio-company update was approved in this reconciliation; any current match may reflect a later approved new-company addition.","","","No direct citation, deterministic target match, explicit platform signal, or shared company source was found.","","","15fa3b15c8a518f157cef27a4afd606c1875199298730539e884d4f7a8b57258"
"cmrv5v818001mh8hez775r8av","INF-2026-215","2026-05-12","ANNOUNCED","","187 MW Taiwan Solar Portfolio","Taiwan","ASIA_PACIFIC","NO_EXISTING_COMPANY_MATCH","NO_PROVEN_EXISTING_COMPANY_RELATIONSHIP","NONE","No pre-existing portfolio-company update was approved in this reconciliation; any current match may reflect a later approved new-company addition.","","","No direct citation, deterministic target match, explicit platform signal, or shared company source was found.","","","f0a978bc796539ed315c22963e7ad0cb1afbe4a68800b9143d073c8cee673bfb"
"cmrv5va7w002kh8helo48rpbf","INF-2026-217","2026-05-13","ANNOUNCED","","Dysons","Australia","ASIA_PACIFIC","NO_EXISTING_COMPANY_MATCH","NO_PROVEN_EXISTING_COMPANY_RELATIONSHIP","NONE","No pre-existing portfolio-company update was approved in this reconciliation; any current match may reflect a later approved new-company addition.","","","No direct citation, deterministic target match, explicit platform signal, or shared company source was found.","","","26797e9cccb48495a0f976fa108cca1bbe2db83d22bf30bc563cd1839844b48e"
"cmrv5v8uc001zh8hehqzj4q74","INF-2026-218","2026-05-13","CLOSED","","QScale","Canada","NORTH_AMERICA","NO_EXISTING_COMPANY_MATCH","DIRECT_DEAL_COMPANY_CITATION","HIGH","No pre-existing portfolio-company update was approved in this reconciliation; any current match may reflect a later approved new-company addition.","j26_company_fe4cf36a788124433c81e91c","QScale","At least one published company is explicitly linked to the deal by a Citation row carrying both IDs.","","https://am.gs.com/en-us/advisors/news/press-release/2026/goldman-sachs-alternatives-acquire-qscale","bbfd3a72b6e6a9f7d2899171a4ecec4e34dd07c919ea012cf8a8fe199825ffca"
"cmrv5vba50033h8heeygr0tc5","INF-2026-221","2026-05-15","ANNOUNCED","","Verene Energia S.A.","Brazil","LATIN_AMERICA","NO_EXISTING_COMPANY_MATCH","NO_PROVEN_EXISTING_COMPANY_RELATIONSHIP","NONE","No pre-existing portfolio-company update was approved in this reconciliation; any current match may reflect a later approved new-company addition.","","","No direct citation, deterministic target match, explicit platform signal, or shared company source was found.","","","7152d88c48a54931fe0288e4e4379d81787a4184fca78ad0f385423fb18b7bc6"
"cmrv5vbo4003ah8hex5vg3d9a","INF-2026-222","2026-05-15","CLOSED","2026-05-15","Caturus / Commonwealth LNG","United States","NORTH_AMERICA","CONFIRMED_EXISTING_COMPANY_MATCH","DIRECT_DEAL_COMPANY_CITATION","HIGH","Reviewed July 21 reconciliation confirmed an existing portfolio-company relationship.","cmoqc056t00p9171fz56fldhu | cmnva0yoj00xum8lzwg8dmzod | cmnva0rsz00m6m8lzkjjqwuws","Caturus | Caturus Energy | Commonwealth LNG","At least one published company is explicitly linked to the deal by a Citation row carrying both IDs.","","https://mubadalaenergy.com/news/mubadala-energy-kimmeridge-and-cpp-investments-announce-final-investment-decision-for-caturus-commonwealth-lng-investment-in-the-u-s/","5f7bfbdd9787f17ace5865e5540c517dd6bc99f0074874610136c1a705d62b71"
"cmrv5vaml002rh8heq6fiqbx8","INF-2026-223","2026-05-15","CLOSED","2026-05-15","International Aerospace Coatings","United States / Ireland","NORTH_AMERICA","NO_EXISTING_COMPANY_MATCH","NO_PROVEN_EXISTING_COMPANY_RELATIONSHIP","NONE","No pre-existing portfolio-company update was approved in this reconciliation; any current match may reflect a later approved new-company addition.","","","No direct citation, deterministic target match, explicit platform signal, or shared company source was found.","","","eaea62d997904d0c55421dbf731eb3aa5688a721635fd5f680f530a348778c3e"
"cmrv5vge20058h8hen3za3d21","WB-2026-05-16-014","2026-05-19","CLOSED","2026-07-06","Information Services Corporation","Canada","NORTH_AMERICA","CONFIRMED_EXISTING_COMPANY_MATCH","DIRECT_DEAL_COMPANY_CITATION","HIGH","Reviewed July 21 reconciliation confirmed an existing portfolio-company relationship.","cmnva0yc800x8m8lziecgny4n","Plenary Americas","At least one published company is explicitly linked to the deal by a Citation row carrying both IDs.","","https://investors.isc.ca/news-releases/news-release-details/isc-and-plenary-americas-announce-completion-transaction | https://isc.gcs-web.com/news-releases/news-release-details/isc-be-acquired-plenary-americas-all-cash-transaction","a92e7f4dee8b4953c5a0db6a60604719bba9a61de3609a5014789f442293c6e7"
"cmrv5vcfc003mh8helx4kpba8","WB-2026-05-16-001","2026-05-22","ANNOUNCED","","Casa dos Ventos Renewable-Power Assets","Brazil","LATIN_AMERICA","NO_EXISTING_COMPANY_MATCH","NO_PROVEN_EXISTING_COMPANY_RELATIONSHIP","NONE","No pre-existing portfolio-company update was approved in this reconciliation; any current match may reflect a later approved new-company addition.","","","No direct citation, deterministic target match, explicit platform signal, or shared company source was found.","","","4bb80f2cb192a1c74ed3c854b329cc4d7d9015b5708bfc0b8ed2becaafe8bc66"
"cmrv5vcph003rh8he5fuehi9i","WB-2026-05-16-002","2026-05-22","ANNOUNCED","","North Star Renewable Energy Platform","India","ASIA_PACIFIC","NO_EXISTING_COMPANY_MATCH","NO_PROVEN_EXISTING_COMPANY_RELATIONSHIP","NONE","No pre-existing portfolio-company update was approved in this reconciliation; any current match may reflect a later approved new-company addition.","","","No direct citation, deterministic target match, explicit platform signal, or shared company source was found.","","","49a16b4666d97d650be601ad0fd51ae1664dc28d2361d987afac44cf518575c0"
"cmrv5vd0m003vh8he06ccb26d","WB-2026-05-16-003","2026-05-22","ANNOUNCED","","FirstLight U.S. Clean-Power Portfolio","United States","NORTH_AMERICA","NO_EXISTING_COMPANY_MATCH","DIRECT_DEAL_COMPANY_CITATION","HIGH","No pre-existing portfolio-company update was approved in this reconciliation; any current match may reflect a later approved new-company addition.","j26_company_bcd1f35b4a1ce073069566e1","FirstLight USA, LLC","At least one published company is explicitly linked to the deal by a Citation row carrying both IDs.","","https://www.investpsp.com/en/news/psp-investments-announces-sale-of-firstlights-us-portfolio-to-hull-street-energy | https://www.prnewswire.com/news-releases/hull-street-energy-to-acquire-firstlights-us-generation-fleet-scaling-the-firms-hydro-footprint-302776103.html","9477180f0462b46dc7454a63be2b5ca3c2d503d5fc2009e778a9424c62c59a28"
"cmrv5vded0040h8he5hv710p3","WB-2026-05-16-004","2026-05-22","ANNOUNCED","","Birdseye Battery Storage Project","United States","NORTH_AMERICA","CONFIRMED_EXISTING_COMPANY_MATCH","DIRECT_DEAL_COMPANY_CITATION","HIGH","Reviewed July 21 reconciliation confirmed an existing portfolio-company relationship.","cmnva128m0145m8lzcd4okvua","GridStor","At least one published company is explicitly linked to the deal by a Citation row carrying both IDs.","","https://gridstor.com/gridstor-acquires-colorado-battery-energy-storage-project-from-accelergen/","eb1ffc8cd1ffb8a306c9a75fb48cc3718fdd03aa3409b5f621a5ad57b34f7dde"
"cmrv5vdmq0044h8he4jl8cq5n","WB-2026-05-16-005","2026-05-22","ANNOUNCED","","132 MW Saxony Onshore Wind Portfolio","Germany","EUROPE","NO_EXISTING_COMPANY_MATCH","NO_PROVEN_EXISTING_COMPANY_RELATIONSHIP","NONE","No pre-existing portfolio-company update was approved in this reconciliation; any current match may reflect a later approved new-company addition.","","","No direct citation, deterministic target match, explicit platform signal, or shared company source was found.","","","78ba7750d84cf9916b80509a8dbc58b65de582c4a0e49de3c283537b8398526a"
"cmrv5vdxs0048h8heijdj70uo","WB-2026-05-16-006","2026-05-22","ANNOUNCED","","Barrow Green Hydrogen Project","United Kingdom","EUROPE","NO_EXISTING_COMPANY_MATCH","NO_PROVEN_EXISTING_COMPANY_RELATIONSHIP","NONE","No pre-existing portfolio-company update was approved in this reconciliation; any current match may reflect a later approved new-company addition.","","","No direct citation, deterministic target match, explicit platform signal, or shared company source was found.","","","ecfa2db9227c59c8215892ee8c8e42a2ec4d9d1499f90705f28c74d21566bb44"
"cmrv5ve83004ch8hefctk9h7g","WB-2026-05-16-007","2026-05-22","ANNOUNCED","","APF Energy","Netherlands","EUROPE","NO_EXISTING_COMPANY_MATCH","NO_PROVEN_EXISTING_COMPANY_RELATIONSHIP","NONE","No pre-existing portfolio-company update was approved in this reconciliation; any current match may reflect a later approved new-company addition.","","","No direct citation, deterministic target match, explicit platform signal, or shared company source was found.","","","f087ea77ac5570c8730d37581f9ee25123c1b1bd0f5f683e96b2430f9c6e39f9"
"cmrv5vege004gh8he4m41az1m","WB-2026-05-16-008","2026-05-22","ANNOUNCED","","Lind Marine","United States","NORTH_AMERICA","NO_EXISTING_COMPANY_MATCH","NO_PROVEN_EXISTING_COMPANY_RELATIONSHIP","NONE","No pre-existing portfolio-company update was approved in this reconciliation; any current match may reflect a later approved new-company addition.","","","No direct citation, deterministic target match, explicit platform signal, or shared company source was found.","","","2f7a5355eef90eef25d275bad52917775a351191abf0153ca716fb20f2019a78"
"cmrv5ves5004kh8hes4vmtgfe","WB-2026-05-16-009","2026-05-22","ANNOUNCED","","Equans Infra & Mobility / Velian","Netherlands","EUROPE","NO_EXISTING_COMPANY_MATCH","NO_PROVEN_EXISTING_COMPANY_RELATIONSHIP","NONE","No pre-existing portfolio-company update was approved in this reconciliation; any current match may reflect a later approved new-company addition.","","","No direct citation, deterministic target match, explicit platform signal, or shared company source was found.","","","e358fed56f20cdf059abb2fbd28045d0de04eb7205f4a1b15fe8e150896e16ca"
"cmrv5vf5y004qh8hen6goa44h","WB-2026-05-16-010","2026-05-22","ANNOUNCED","","Cube Grid","India","ASIA_PACIFIC","NO_EXISTING_COMPANY_MATCH","NO_PROVEN_EXISTING_COMPANY_RELATIONSHIP","NONE","No pre-existing portfolio-company update was approved in this reconciliation; any current match may reflect a later approved new-company addition.","","","No direct citation, deterministic target match, explicit platform signal, or shared company source was found.","","","bc514d96bcc1dc8cded4983f25c09690de5093ca9b26e647b443107c163c204c"
"cmrv5vfgt004uh8he87xi5zcq","WB-2026-05-16-011","2026-05-22","ANNOUNCED","","Kalmar Energi 50% Stake","Sweden","EUROPE","NO_EXISTING_COMPANY_MATCH","NO_PROVEN_EXISTING_COMPANY_RELATIONSHIP","NONE","No pre-existing portfolio-company update was approved in this reconciliation; any current match may reflect a later approved new-company addition.","","","No direct citation, deterministic target match, explicit platform signal, or shared company source was found.","","","4f527fa9165115027ccb4485e36123fc8f7bf66560014633aa5411e785fd6dfe"
"cmrv5vfp6004yh8he5rsry3de","WB-2026-05-16-012","2026-05-22","ANNOUNCED","","Seraya Partners Fund I Interest","Asia-Pacific","ASIA_PACIFIC","NO_EXISTING_COMPANY_MATCH","NO_PROVEN_EXISTING_COMPANY_RELATIONSHIP","NONE","No pre-existing portfolio-company update was approved in this reconciliation; any current match may reflect a later approved new-company addition.","","","No direct citation, deterministic target match, explicit platform signal, or shared company source was found.","","","6744ea1e558e34c12293883a7c890315de4cd252e92a24c12854c4078f67234d"
"cmrv5vg0i0053h8he0kr7oq63","WB-2026-05-16-013","2026-05-22","ANNOUNCED","","Exolum","Europe","EUROPE","NO_EXISTING_COMPANY_MATCH","NO_PROVEN_EXISTING_COMPANY_RELATIONSHIP","NONE","No pre-existing portfolio-company update was approved in this reconciliation; any current match may reflect a later approved new-company addition.","","","No direct citation, deterministic target match, explicit platform signal, or shared company source was found.","","","9667e212cb26697604927484ca60bc2e739f231beffb2da33ed115738b172fe8"
"cmrv5vgqv005ch8hebocpd6qj","WB-2026-05-23-001","2026-05-29","ANNOUNCED","","Eixo SP Co-Investment","Brazil","LATIN_AMERICA","NO_EXISTING_COMPANY_MATCH","NO_PROVEN_EXISTING_COMPANY_RELATIONSHIP","NONE","No pre-existing portfolio-company update was approved in this reconciliation; any current match may reflect a later approved new-company addition.","","","No direct citation, deterministic target match, explicit platform signal, or shared company source was found.","","","92cde9bb00f56d97bc377d44fa7598d168399681f62c76273588984d6dafdefd"
"cmrv5vh1z005gh8he95pr98i0","WB-2026-05-23-002","2026-05-29","ANNOUNCED","","Maple Infrastructure Trust Units","India","ASIA_PACIFIC","NO_EXISTING_COMPANY_MATCH","NO_PROVEN_EXISTING_COMPANY_RELATIONSHIP","NONE","No pre-existing portfolio-company update was approved in this reconciliation; any current match may reflect a later approved new-company addition.","","","No direct citation, deterministic target match, explicit platform signal, or shared company source was found.","","","3594483e3f8b8c081df07aa7ba813cc0d67274f4179ab25dae6de11ca7291c2a"
"cmrv5vhh3005lh8he2u3dctpb","WB-2026-05-23-003","2026-05-29","ANNOUNCED","","Voltera / Revel Combined EV Charging Platform","United States","NORTH_AMERICA","CONFIRMED_EXISTING_COMPANY_MATCH","DIRECT_DEAL_COMPANY_CITATION","HIGH","Reviewed July 21 reconciliation confirmed an existing portfolio-company relationship.","cmnva10ez010xm8lzxkk6b9gt","Voltera","At least one published company is explicitly linked to the deal by a Citation row carrying both IDs.","","https://www.volterapower.com/post/voltera-and-revel-announce-combination-to-create-scaled-ev-infrastructure-platform-for-fleet-and-autonomous-mobility","97b5017580b4c48c87e2d553a728899f84ee9c0c4624adc43e5f19a922b328c9"
"cmrv5vhw0005rh8helr08voak","WB-2026-05-23-004","2026-05-29","ANNOUNCED","","Five Indian Road SPVs","India","ASIA_PACIFIC","NO_EXISTING_COMPANY_MATCH","NO_PROVEN_EXISTING_COMPANY_RELATIONSHIP","NONE","No pre-existing portfolio-company update was approved in this reconciliation; any current match may reflect a later approved new-company addition.","","","No direct citation, deterministic target match, explicit platform signal, or shared company source was found.","","","41d610625076a9943f4d838e30c78dc8cd33fd167aea79b5561d09d0317dfa57"
"cmrv5vi4n005vh8heszgwgkr8","WB-2026-05-23-005","2026-05-29","ANNOUNCED","","76 MWp Uruguay Solar Portfolio","Uruguay","LATIN_AMERICA","NO_EXISTING_COMPANY_MATCH","NO_PROVEN_EXISTING_COMPANY_RELATIONSHIP","NONE","No pre-existing portfolio-company update was approved in this reconciliation; any current match may reflect a later approved new-company addition.","","","No direct citation, deterministic target match, explicit platform signal, or shared company source was found.","","","ffd74788136b5c32093f5460cf3dd5d49ff1597a0d0648639b7f189af9790019"
"cmrv5vif2005zh8hek29if66z","WB-2026-05-23-006","2026-05-29","ANNOUNCED","","Stoneworthy BESS Project","United Kingdom","EUROPE","NO_EXISTING_COMPANY_MATCH","NO_PROVEN_EXISTING_COMPANY_RELATIONSHIP","NONE","No pre-existing portfolio-company update was approved in this reconciliation; any current match may reflect a later approved new-company addition.","","","No direct citation, deterministic target match, explicit platform signal, or shared company source was found.","","","0bcbeb8b484b287f0a0eb2ca4e51b14b6b5cf9e5cfa3fc317b04cd255cb7c63e"
"cmrv5vipv0063h8hejud9hw7p","WB-2026-05-23-007","2026-05-29","ANNOUNCED","","Cogent Fiber Data Center Portfolio","United States","NORTH_AMERICA","NO_EXISTING_COMPANY_MATCH","NO_PROVEN_EXISTING_COMPANY_RELATIONSHIP","NONE","No pre-existing portfolio-company update was approved in this reconciliation; any current match may reflect a later approved new-company addition.","","","No direct citation, deterministic target match, explicit platform signal, or shared company source was found.","","","964b779c79795006890746e47e703a4a62d310e12b8782115aa6d43b0a5a1b7f"
"cmrv5vixp0067h8hecvu72lg1","WB-2026-05-23-008","2026-05-29","ANNOUNCED","","Lexington Data Center Campus","United States","NORTH_AMERICA","NO_EXISTING_COMPANY_MATCH","NO_PROVEN_EXISTING_COMPANY_RELATIONSHIP","NONE","No pre-existing portfolio-company update was approved in this reconciliation; any current match may reflect a later approved new-company addition.","","","No direct citation, deterministic target match, explicit platform signal, or shared company source was found.","","","4b2d03d5fa199ca051dfa2645f9d616f5101c493d7db3a0165bb0081c4c382ce"
"cmrv5vj8s006ch8hel364cpv8","WB-2026-05-23-009","2026-05-29","ANNOUNCED","","Naturgy Energy Group","Spain","EUROPE","NO_EXISTING_COMPANY_MATCH","NO_PROVEN_EXISTING_COMPANY_RELATIONSHIP","NONE","No pre-existing portfolio-company update was approved in this reconciliation; any current match may reflect a later approved new-company addition.","","","No direct citation, deterministic target match, explicit platform signal, or shared company source was found.","","","421f999a4239db64e517ca3ea3e785667b6b87123a185ecced7bbbc96d3f5bb1"
"cmrv5vjlc006ih8herh1qjpam","WB-2026-05-23-010","2026-05-29","ANNOUNCED","","Estia Health","Australia","ASIA_PACIFIC","NO_EXISTING_COMPANY_MATCH","NO_PROVEN_EXISTING_COMPANY_RELATIONSHIP","NONE","No pre-existing portfolio-company update was approved in this reconciliation; any current match may reflect a later approved new-company addition.","","","No direct citation, deterministic target match, explicit platform signal, or shared company source was found.","","","6c03766103b5b67efb735e935b43029d649f1198d598aaff90456cd7a7890e89"
"cmrv5vjw1006mh8he9keytrq1","WB-2026-06-06-001","2026-06-05","ANNOUNCED","","Vena Energy India","India","ASIA_PACIFIC","NO_EXISTING_COMPANY_MATCH","NO_PROVEN_EXISTING_COMPANY_RELATIONSHIP","NONE","No pre-existing portfolio-company update was approved in this reconciliation; any current match may reflect a later approved new-company addition.","","","No direct citation, deterministic target match, explicit platform signal, or shared company source was found.","","","29da3e8fb8d0f4b62bffb9eae29450abe2190baaca78d3c59bd8bbe95694f935"
"cmrv5vkb3006rh8he87f7p84p","WB-2026-06-06-002","2026-06-05","CLOSED","","Pathway Power","United States","NORTH_AMERICA","NO_EXISTING_COMPANY_MATCH","DIRECT_DEAL_COMPANY_CITATION","HIGH","No pre-existing portfolio-company update was approved in this reconciliation; any current match may reflect a later approved new-company addition.","j26_company_c3d6e90fef02be24b6d5bcb3","Pathway Power LLC","At least one published company is explicitly linked to the deal by a Citation row carrying both IDs.","","https://www.igneoip.com/usa/en/institutional/news-and-insights/press/igneo-completes-investment-in-pathway-power.html","6342883687b45faf25ba9bac321c25f0bbcd648c3d301f07133373ab98ba7eba"
"cmrv5vkjl006vh8hez3c29k0w","WB-2026-06-06-003","2026-06-05","ANNOUNCED","","Enderby Battery Storage Project","United Kingdom","EUROPE","NO_EXISTING_COMPANY_MATCH","NO_PROVEN_EXISTING_COMPANY_RELATIONSHIP","NONE","No pre-existing portfolio-company update was approved in this reconciliation; any current match may reflect a later approved new-company addition.","","","No direct citation, deterministic target match, explicit platform signal, or shared company source was found.","","","f267cdddbac84974535a98da2ec20406a47f1a79d6f753e20528a71c5f1f6408"
"cmrv5vktu006zh8hex7s5afgj","WB-2026-06-06-004","2026-06-05","ANNOUNCED","","Mountain Peak / Canyon Peak Power","United States","NORTH_AMERICA","NO_EXISTING_COMPANY_MATCH","NO_PROVEN_EXISTING_COMPANY_RELATIONSHIP","NONE","No pre-existing portfolio-company update was approved in this reconciliation; any current match may reflect a later approved new-company addition.","","","No direct citation, deterministic target match, explicit platform signal, or shared company source was found.","","","41f708ce1b96dcd03eb26145a055411df3ac3c2b88a48179ae41eb8f6eb521bc"
"cmrv5vl7u0074h8hev8piiw50","WB-2026-06-06-005","2026-06-05","CLOSED","","ACME Solar Holdings","India","ASIA_PACIFIC","NO_EXISTING_COMPANY_MATCH","NO_PROVEN_EXISTING_COMPANY_RELATIONSHIP","NONE","No pre-existing portfolio-company update was approved in this reconciliation; any current match may reflect a later approved new-company addition.","","","No direct citation, deterministic target match, explicit platform signal, or shared company source was found.","","","2434e7d45a5e5717af141bcc237ffe449136a60462c97e0ebcbf2f45d1a9a093"
"cmrv5vlkf0078h8hef252w138","WB-2026-06-06-006","2026-06-05","ANNOUNCED","","GS Power Community Solar Portfolio","United States","NORTH_AMERICA","CONFIRMED_EXISTING_COMPANY_MATCH","DIRECT_DEAL_COMPANY_CITATION","HIGH","Reviewed July 21 reconciliation confirmed an existing portfolio-company relationship.","cmnva0z0j00ygm8lzzolx4281 | cmnva0zs500ztm8lzhhms21x7","Green Street Power Partners | GS Power Partners","At least one published company is explicitly linked to the deal by a Citation row carrying both IDs.","","https://gspowerpartners.com/gs-power-partners-secures-51m-tax-equity-financing-for-41-mw-community-solar-portfolio/","499587df049111423f5e3949ab55819ca878a9a5e7a51359cf00f087b884db75"
"cmrv5vlsz007ch8hex127cmpe","WB-2026-06-06-007","2026-06-05","CLOSED","","Broadway Proper","United States","NORTH_AMERICA","NO_EXISTING_COMPANY_MATCH","NO_PROVEN_EXISTING_COMPANY_RELATIONSHIP","NONE","No pre-existing portfolio-company update was approved in this reconciliation; any current match may reflect a later approved new-company addition.","","","No direct citation, deterministic target match, explicit platform signal, or shared company source was found.","","","cd9ac8e559925bbeb790cc7d0a9ec4e6a581353bd395ec97ad476d907ca82bbe"
"cmrv5vm6d007hh8he7kbk88sj","WB-2026-06-06-008","2026-06-05","ANNOUNCED","","Teleconsult and Meditecs","Europe","EUROPE","NO_EXISTING_COMPANY_MATCH","NO_PROVEN_EXISTING_COMPANY_RELATIONSHIP","NONE","No pre-existing portfolio-company update was approved in this reconciliation; any current match may reflect a later approved new-company addition.","","","No direct citation, deterministic target match, explicit platform signal, or shared company source was found.","","","44357bf2d65c76d344455198dac3d99756d362501c6c322a3a594bfede3cd8f2"
"cmrv5vmht007lh8heemddihsb","WB-2026-06-06-009","2026-06-05","ANNOUNCED","","LineoX","Spain","EUROPE","NO_EXISTING_COMPANY_MATCH","NO_PROVEN_EXISTING_COMPANY_RELATIONSHIP","NONE","No pre-existing portfolio-company update was approved in this reconciliation; any current match may reflect a later approved new-company addition.","","","No direct citation, deterministic target match, explicit platform signal, or shared company source was found.","","","f56adf195dcccc0d5981960d6b9b595d3fe16cee8e7dc27d5c0bb02317009f96"
"cmrv5vmux007qh8he3tumthrc","WB-2026-06-06-010","2026-06-05","ANNOUNCED","","CLI","Brazil","LATIN_AMERICA","NO_EXISTING_COMPANY_MATCH","NO_PROVEN_EXISTING_COMPANY_RELATIONSHIP","NONE","No pre-existing portfolio-company update was approved in this reconciliation; any current match may reflect a later approved new-company addition.","","","No direct citation, deterministic target match, explicit platform signal, or shared company source was found.","","","2086177eb175e17f3fff1558091cb3713a38f8e9d0f5663a26a7285839323953"
"cmrv5vn83007vh8hexxzq6r2v","WB-2026-06-06-011","2026-06-05","ANNOUNCED","","Delfin FLNG 1","United States","NORTH_AMERICA","NO_EXISTING_COMPANY_MATCH","NO_PROVEN_EXISTING_COMPANY_RELATIONSHIP","NONE","No pre-existing portfolio-company update was approved in this reconciliation; any current match may reflect a later approved new-company addition.","","","No direct citation, deterministic target match, explicit platform signal, or shared company source was found.","","","6bb0fd19d9323546909fa685deaa445c814e2235b1758f68f3997166dd773e78"
"cmrv5vnk4007zh8hec3v8fj4r","WB-2026-06-13-001","2026-06-12","ANNOUNCED","","Mitsubishi HC Capital / Brookfield Renewables Platform","Europe","EUROPE","NO_EXISTING_COMPANY_MATCH","NO_PROVEN_EXISTING_COMPANY_RELATIONSHIP","NONE","No pre-existing portfolio-company update was approved in this reconciliation; any current match may reflect a later approved new-company addition.","","","No direct citation, deterministic target match, explicit platform signal, or shared company source was found.","","","4458765b0ba080ad10ed9c47930787792b98ab4afe7770967efbd6ce9cd45253"
"cmrv5vns90083h8hee1rjwu3i","WB-2026-06-13-002","2026-06-12","ANNOUNCED","","Vietnam Renewable Energy Partnership","Vietnam","ASIA_PACIFIC","NO_EXISTING_COMPANY_MATCH","NO_PROVEN_EXISTING_COMPANY_RELATIONSHIP","NONE","No pre-existing portfolio-company update was approved in this reconciliation; any current match may reflect a later approved new-company addition.","","","No direct citation, deterministic target match, explicit platform signal, or shared company source was found.","","","43cfbd180f12be57f44f29123b9360d3bd26c4f2763e77ab970309e8cba4250d"
"cmrv5vo320087h8he9ci1e62z","WB-2026-06-13-003","2026-06-12","ANNOUNCED","","Repsol Spanish Renewables Portfolio","Spain","EUROPE","CONFIRMED_EXISTING_COMPANY_MATCH","DIRECT_DEAL_COMPANY_CITATION","HIGH","Reviewed July 21 reconciliation confirmed an existing portfolio-company relationship.","cmnva0s8b00mym8lzoao2r130","Repsol Renovables, S.A.","At least one published company is explicitly linked to the deal by a Citation row carrying both IDs.","","https://masdar.ae/en/news/newsroom/repsol-and-masdar-to-partner-in-renewables-portfolio-in-spain","1f3a8eaba4e692d3381d1047e99e1ff0db68b9986b31d2af01dc7fd568584199"
"cmrv5vod0008bh8he5ekhbzmf","WB-2026-06-13-004","2026-06-12","ANNOUNCED","","Devilla BESS Project","United Kingdom","EUROPE","NO_EXISTING_COMPANY_MATCH","NO_PROVEN_EXISTING_COMPANY_RELATIONSHIP","NONE","No pre-existing portfolio-company update was approved in this reconciliation; any current match may reflect a later approved new-company addition.","","","No direct citation, deterministic target match, explicit platform signal, or shared company source was found.","","","25f346e0b7f1d3bff9bbf79951b8638c8cb7b5ba5eb7c5ddd75cfb375655bd92"
"cmrv5vone008gh8hea5knrfk5","WB-2026-06-13-005","2026-06-12","ANNOUNCED","","Illinois Community Solar Portfolio","United States","NORTH_AMERICA","CONFIRMED_EXISTING_COMPANY_MATCH","DIRECT_DEAL_COMPANY_CITATION","HIGH","Reviewed July 21 reconciliation confirmed an existing portfolio-company relationship.","cmnva14za0183m8lznf779pka | cmnva107j010lm8lzrc22h61u","38 Degrees North | Cypress Creek Renewables","At least one published company is explicitly linked to the deal by a Citation row carrying both IDs.","","https://www.businesswire.com/news/home/20260608197151/en/38-Degrees-North-Acquires-104-MW-Community-Solar-Portfolio-in-Illinois-from-Cypress-Creek","eb0c25aac4dcbce79991085648ab2fdaa701079fe1ea93aee34c477afdeb86ec"
"cmrv5vp0h008lh8hel06oxjw0","WB-2026-06-13-006","2026-06-12","ANNOUNCED","","SK Group Renewable Energy JV","South Korea","ASIA_PACIFIC","NO_EXISTING_COMPANY_MATCH","NO_PROVEN_EXISTING_COMPANY_RELATIONSHIP","NONE","No pre-existing portfolio-company update was approved in this reconciliation; any current match may reflect a later approved new-company addition.","","","No direct citation, deterministic target match, explicit platform signal, or shared company source was found.","","","afe55a951b691c11818e2db7373431433941a6d3156976122b40b5b1e7bac2df"
"cmrv5vpb1008ph8hevx87oual","WB-2026-06-13-007","2026-06-12","ANNOUNCED","","Groupe Santé Sedna","Canada","NORTH_AMERICA","NO_EXISTING_COMPANY_MATCH","NO_PROVEN_EXISTING_COMPANY_RELATIONSHIP","NONE","No pre-existing portfolio-company update was approved in this reconciliation; any current match may reflect a later approved new-company addition.","","","No direct citation, deterministic target match, explicit platform signal, or shared company source was found.","","","58cff92da7cae89785023f8423d299f536292e180af96cd37edd21c6ee73a79c"
"cmrv5vplg008th8heez5bma52","WB-2026-06-13-008","2026-06-12","ANNOUNCED","","Dauntless Air","United States","NORTH_AMERICA","NO_EXISTING_COMPANY_MATCH","DIRECT_DEAL_COMPANY_CITATION","HIGH","No pre-existing portfolio-company update was approved in this reconciliation; any current match may reflect a later approved new-company addition.","j26_company_d1a7dc5f35ca46a153defa1c","Dauntless Air","At least one published company is explicitly linked to the deal by a Citation row carrying both IDs.","","https://www.prnewswire.com/news-releases/ridgewood-infrastructure-acquires-dauntless-air-premier-provider-of-emergency-management-infrastructure-302795749.html","e6d76116571df46e7ce668015aa66e4913123dcdc04aecc75a77cae3b1ae81fc"
"cmrv5vpu2008xh8heoxnzzx48","WB-2026-06-13-009","2026-06-12","ANNOUNCED","","Navitas Credit Corp.","United States","NORTH_AMERICA","NO_EXISTING_COMPANY_MATCH","DIRECT_DEAL_COMPANY_CITATION","HIGH","No pre-existing portfolio-company update was approved in this reconciliation; any current match may reflect a later approved new-company addition.","j26_company_7fb7f5974cbdc37a3181b724","Navitas Credit Corp.","At least one published company is explicitly linked to the deal by a Citation row carrying both IDs.","","https://www.wafra.com/wafra-announces-acquisition-of-navitas-credit-corp/","8fbf8440ce5a47a8adc78efad678d51247bdb244886cba41e0ab9ed887d8d492"
"cmrv5vq4u0092h8heyzh9ju4z","WB-2026-06-13-010","2026-06-12","ANNOUNCED","","Helix Digital Infrastructure","North America","NORTH_AMERICA","NO_EXISTING_COMPANY_MATCH","NO_PROVEN_EXISTING_COMPANY_RELATIONSHIP","NONE","No pre-existing portfolio-company update was approved in this reconciliation; any current match may reflect a later approved new-company addition.","","","No direct citation, deterministic target match, explicit platform signal, or shared company source was found.","","","e94413369bf68c1b5b8bd62cb8b2ef47ce94e2aa4457fbb0d0df77253f127c65"
"cmrv5vqfq0096h8hed491w01y","WB-2026-06-13-011","2026-06-12","ANNOUNCED","","Ansan Data Center Site / SEL5","South Korea","ASIA_PACIFIC","NO_EXISTING_COMPANY_MATCH","NO_PROVEN_EXISTING_COMPANY_RELATIONSHIP","NONE","No pre-existing portfolio-company update was approved in this reconciliation; any current match may reflect a later approved new-company addition.","","","No direct citation, deterministic target match, explicit platform signal, or shared company source was found.","","","570050612f80978e433667181cd229892e06eb4cdd2556a6e76b0c31689b3995"
"cmrv5vqnu009ah8heobfbz18g","WB-2026-06-13-012","2026-06-12","ANNOUNCED","","A25 Concession","Canada","NORTH_AMERICA","CONFIRMED_EXISTING_COMPANY_MATCH","DIRECT_DEAL_COMPANY_CITATION","HIGH","Reviewed July 21 reconciliation confirmed an existing portfolio-company relationship.","cmnva0y7t00x0m8lzg4dq2qy2 | cmnva0yc800x8m8lziecgny4n","A25 Concession | Plenary Americas","At least one published company is explicitly linked to the deal by a Citation row carrying both IDs.","","https://www.lacaisse.com/en/news/pressreleases/caisse-become-sole-owner-a25-concession-acquiring-transurbans-remaining-stake","c420360970af33ed6ee233cee6a4656bd0c4b7af24ffe129956ae2f70afd498e"
"cmrv5vqzm009eh8heaf7wf36a","WB-2026-06-13-013","2026-06-12","ANNOUNCED","","University of Kentucky Central Utility Plant","United States","NORTH_AMERICA","CONFIRMED_EXISTING_COMPANY_MATCH","DIRECT_DEAL_COMPANY_CITATION","HIGH","Reviewed July 21 reconciliation confirmed an existing portfolio-company relationship.","cmnva0yc800x8m8lziecgny4n","Plenary Americas","At least one published company is explicitly linked to the deal by a Citation row carrying both IDs.","","https://plenary.com/news/fc-uk-central-utility-plant-project","b660b58a50adc41589c5ebcc39ffc005a233f9065366bbfd36319af06fc7a2db"
"cmrv5vrb8009ih8he3crvgw9q","WB-2026-06-13-014","2026-06-12","ANNOUNCED","","Anwim / MOYA Fuel Station Network","Poland","EUROPE","NO_EXISTING_COMPANY_MATCH","NO_PROVEN_EXISTING_COMPANY_RELATIONSHIP","NONE","No pre-existing portfolio-company update was approved in this reconciliation; any current match may reflect a later approved new-company addition.","","","No direct citation, deterministic target match, explicit platform signal, or shared company source was found.","","","269d5c7065d5ccf1837dafc1afec9db97ffa6fe995fa6faaf74c77839764d9df"
"cmrv5vrlz009mh8hevhrh5cnl","WB-2026-06-20-001","2026-06-19","ANNOUNCED","","Altavair Aircraft Leasing Portfolio","Global / United States","NORTH_AMERICA","CONFIRMED_EXISTING_COMPANY_MATCH","DIRECT_DEAL_COMPANY_CITATION","HIGH","Reviewed July 21 reconciliation confirmed an existing portfolio-company relationship.","cmnva14ko017nm8lzwcj9kf3f","Altavair, L.P. / Altitude Aircraft Leasing","At least one published company is explicitly linked to the deal by a Citation row carrying both IDs.","","https://www.businesswire.com/news/home/20260617498140/en/KKR-Commits-%241.4-Billion-to-Aircraft-Leasing-with-Altavair","434faf340d5affe23a78061089a4ba5def251eae686fb5b24467fe0828edf3d3"
"cmrv5vrtr009qh8he7iyafwce","WB-2026-06-20-002","2026-06-19","ANNOUNCED","","LOGISTEC Marine Terminal Division","North America","NORTH_AMERICA","CONFIRMED_EXISTING_COMPANY_MATCH","DIRECT_DEAL_COMPANY_CITATION","HIGH","Reviewed July 21 reconciliation confirmed an existing portfolio-company relationship.","cmnva0mz300epm8lzmbnvkm6k","LOGISTEC","At least one published company is explicitly linked to the deal by a Citation row carrying both IDs.","","https://enstructure.com/enstructure-to-acquire-logistec-marine-terminal-division-creating-a-leading-network-of-marine-terminals-across-north-america/","2894313b976a3eb9192aba0c2a26200eef91be18e5c0a59018fb9372d4c59a04"
"cmrv5vs4s009uh8hehgs4ieiv","WB-2026-06-20-003","2026-06-19","ANNOUNCED","","Electrada Assets","United States","NORTH_AMERICA","CONFIRMED_EXISTING_COMPANY_MATCH","DIRECT_DEAL_COMPANY_CITATION","HIGH","Reviewed July 21 reconciliation confirmed an existing portfolio-company relationship.","cmnva0wrv00ugm8lz9hqg8ony | cmnva0uas00qjm8lzga4d479d","Electrada | Inspiration Mobility Group","At least one published company is explicitly linked to the deal by a Citation row carrying both IDs.","","https://inspirationmobility.com/news/inspiration-mobility-group-acquires-electrada-assets-to-scale-end-to-end-electric-fuel-solutions-for-commercial-fleets","5ff3773f6895f6fa18d70c55f926ab83637e61c38eb7daa307f5069995617417"
"cmrv5vsfi009yh8hehkgzhftp","WB-2026-06-20-004","2026-06-19","ANNOUNCED","","Kinship Marina Ventura","United States","NORTH_AMERICA","NO_EXISTING_COMPANY_MATCH","NO_PROVEN_EXISTING_COMPANY_RELATIONSHIP","NONE","No pre-existing portfolio-company update was approved in this reconciliation; any current match may reflect a later approved new-company addition.","","","No direct citation, deterministic target match, explicit platform signal, or shared company source was found.","","","a52b98e80ff9688ccbd8f7b1e718c03d34ed87d26d33887e9beb591582f534c4"
"cmrv5vsni00a2h8heahnuvpq8","WB-2026-06-20-005","2026-06-19","ANNOUNCED","","Beatrice Offshore Wind Farm","United Kingdom","EUROPE","NO_EXISTING_COMPANY_MATCH","NO_PROVEN_EXISTING_COMPANY_RELATIONSHIP","NONE","No pre-existing portfolio-company update was approved in this reconciliation; any current match may reflect a later approved new-company addition.","","","No direct citation, deterministic target match, explicit platform signal, or shared company source was found.","","","761f6f2b5bc1330f4f7baa8a90bdf2101e5ecbe491046f3db8b2b1271b57df1e"
"cmrv5vt3c00a8h8hei9xwm5ob","WB-2026-06-20-006","2026-06-19","ANNOUNCED","","Greenlink Interconnector","United Kingdom / Ireland","EUROPE","NO_EXISTING_COMPANY_MATCH","NO_PROVEN_EXISTING_COMPANY_RELATIONSHIP","NONE","No pre-existing portfolio-company update was approved in this reconciliation; any current match may reflect a later approved new-company addition.","","","No direct citation, deterministic target match, explicit platform signal, or shared company source was found.","","","3371363230c4721336b34aeb1a7b6db9b4ab4a17cdfef858d5d9e97cec5b6195"
"cmrv5vteu00ach8hei0ia29iu","WB-2026-06-20-007","2026-06-19","ANNOUNCED","","Inkia Energy","Peru","LATIN_AMERICA","NO_EXISTING_COMPANY_MATCH","NO_PROVEN_EXISTING_COMPANY_RELATIONSHIP","NONE","No pre-existing portfolio-company update was approved in this reconciliation; any current match may reflect a later approved new-company addition.","","","No direct citation, deterministic target match, explicit platform signal, or shared company source was found.","","","00f4e2ca6a3961d5a625dd139656de0f77a0c755853cfb147fbf7b84e6cd4907"
"cmrv5vtpq00agh8hem72xhomh","WB-2026-06-20-008","2026-06-19","ANNOUNCED","","CtrlS Datacenters","India","ASIA_PACIFIC","NO_EXISTING_COMPANY_MATCH","NO_PROVEN_EXISTING_COMPANY_RELATIONSHIP","NONE","No pre-existing portfolio-company update was approved in this reconciliation; any current match may reflect a later approved new-company addition.","","","No direct citation, deterministic target match, explicit platform signal, or shared company source was found.","","","fd96510ca6a947517dad59e3af328e28fdb01a03aa1e846fede136533c6ff5e3"
"cmrv5vu0500akh8he3hy97vnd","WB-2026-06-20-009","2026-06-19","CLOSED","","Transcend Towers Infrastructure","Philippines","ASIA_PACIFIC","NO_EXISTING_COMPANY_MATCH","NO_PROVEN_EXISTING_COMPANY_RELATIONSHIP","NONE","No pre-existing portfolio-company update was approved in this reconciliation; any current match may reflect a later approved new-company addition.","","","No direct citation, deterministic target match, explicit platform signal, or shared company source was found.","","","88e8d59f39f5624388fa455a99fe669c2c35b285a844af58f15613967bcdbc12"
"cmrv5vu8i00aoh8he5r73do3f","WB-2026-06-20-010","2026-06-19","ANNOUNCED","","KAPS Pipeline System","Canada","NORTH_AMERICA","CONFIRMED_EXISTING_COMPANY_MATCH","DIRECT_DEAL_COMPANY_CITATION","HIGH","Reviewed July 21 reconciliation confirmed an existing portfolio-company relationship.","cmnva0my100enm8lzqg0rlt1v","KAPS","At least one published company is explicitly linked to the deal by a Citation row carrying both IDs.","","https://www.keyera.com/news-and-stories/news-releases/keyera-announces-acquisition-of-remaining-50-interest-in-kaps/","edc11e6f42e932b50c68ad2374e91157c97368c8170033754803e96d237c2374"
"cmrv5vulm00ath8hemvcd00c6","WB-2026-06-20-011","2026-06-19","ANNOUNCED","","Pinnacle Gas Services","United States","NORTH_AMERICA","NO_EXISTING_COMPANY_MATCH","DIRECT_DEAL_COMPANY_CITATION","HIGH","No pre-existing portfolio-company update was approved in this reconciliation; any current match may reflect a later approved new-company addition.","j26_company_bdd2fd8dc361c44fcba75417","Pinnacle Gas Services LLC","At least one published company is explicitly linked to the deal by a Citation row carrying both IDs.","","https://sixthstreet.com/investment_announce/comstock-announces-600-million-strategic-investment-by-sixth-street-in-pinnacle-gas-services/","b10071f38a8ee2287cadcf99959c5e15f808bd925ee541724f92e50c47e7f232"
"cmrv5vuwk00axh8he9a19n760","WB-2026-06-20-012","2026-06-19","ANNOUNCED","","ThamesWey Central Milton Keynes","United Kingdom","EUROPE","NO_EXISTING_COMPANY_MATCH","NO_PROVEN_EXISTING_COMPANY_RELATIONSHIP","NONE","No pre-existing portfolio-company update was approved in this reconciliation; any current match may reflect a later approved new-company addition.","","","No direct citation, deterministic target match, explicit platform signal, or shared company source was found.","","","047d467a2ee932d6d501f1aebbd91eb23484491092b0ef10e6bab3792d1dc5ef"
"cmrv5vv7800b1h8henzxxny9w","WB-2026-06-20-013","2026-06-19","ANNOUNCED","","Waste Eliminator / Liberty Waste Solutions","United States","NORTH_AMERICA","NO_EXISTING_COMPANY_MATCH","DIRECT_DEAL_COMPANY_CITATION","HIGH","No pre-existing portfolio-company update was approved in this reconciliation; any current match may reflect a later approved new-company addition.","j26_company_25c0503df16df9e4be4b1dcd | j26_company_76f28e6a09e4198c4512e997","Liberty Waste Solutions | Waste Eliminator","At least one published company is explicitly linked to the deal by a Citation row carrying both IDs.","","https://www.tpg.com/news-and-insights/tpg-to-acquire-waste-eliminator-and-liberty-waste-solutions-from-allied-industrial-partners-to-create-a-sustainable-waste-infrastructure-player","8adbe9fe78b9e52b1d2edf3ebfdf762d5c918eba2473cf73803144c65006347a"
"cmrv5vvg000b5h8heryv5pkhx","WB-2026-06-27-001","2026-06-26","ANNOUNCED","","EDF Power Solutions U.S. and Canada operations","United States / Canada","NORTH_AMERICA","NO_EXISTING_COMPANY_MATCH","DIRECT_DEAL_COMPANY_CITATION","HIGH","No pre-existing portfolio-company update was approved in this reconciliation; any current match may reflect a later approved new-company addition.","j26_company_505e258d59dd3cad746172cc","EDF power solutions North America","At least one published company is explicitly linked to the deal by a Citation row carrying both IDs.","","https://media.kkr.com/news-details/?news_id=ccd64ec4-8642-4400-9619-313f0d81db29","aaab84fab7ccce56820b674c9bfe121a6c220d3393907bb9c52901168c9d52b1"
"cmrv5vvqd00b9h8heztbuqy9p","WB-2026-06-27-002","2026-06-26","ANNOUNCED","","Tormes Solar and Alamo BESS projects","United States","NORTH_AMERICA","NO_EXISTING_COMPANY_MATCH","NO_PROVEN_EXISTING_COMPANY_RELATIONSHIP","NONE","No pre-existing portfolio-company update was approved in this reconciliation; any current match may reflect a later approved new-company addition.","","","No direct citation, deterministic target match, explicit platform signal, or shared company source was found.","","","9ed812130e41d975b3ddd43beb4337af847abb123a89afcea11c8481d270f01f"
"cmrv5vw0u00bdh8hee9br53le","WB-2026-06-27-003","2026-06-26","ANNOUNCED","","Terra-Gen","United States","NORTH_AMERICA","CONFIRMED_EXISTING_COMPANY_MATCH","DIRECT_DEAL_COMPANY_CITATION","HIGH","Reviewed July 21 reconciliation confirmed an existing portfolio-company relationship.","cmnva13ss016qm8lzthzctwf5","Terra-Gen","At least one published company is explicitly linked to the deal by a Citation row carrying both IDs.","","https://www.investegate.co.uk/announcement/rns/pantheon-infrastructure--pint/investment-in-us-renewable-energy-company/9628756","7df2110b9595326063c5d840b8f8f13b1888c4105771132d7a17f30157fe3bac"
"cmrv5vwbv00bjh8hejywfiv1u","WB-2026-06-27-004","2026-06-26","ANNOUNCED","","Gennaker offshore wind project","Germany","EUROPE","NO_EXISTING_COMPANY_MATCH","NO_PROVEN_EXISTING_COMPANY_RELATIONSHIP","NONE","No pre-existing portfolio-company update was approved in this reconciliation; any current match may reflect a later approved new-company addition.","","","No direct citation, deterministic target match, explicit platform signal, or shared company source was found.","","","e58228be8f1cd76bee8482e223a3fd65f2608f2a699c2eccdf1f16b037315dd7"
"cmrv5vwvs00bph8heoheb07rx","WB-2026-06-27-005","2026-06-26","ANNOUNCED","","Yarnton BESS","United Kingdom","EUROPE","NO_EXISTING_COMPANY_MATCH","NO_PROVEN_EXISTING_COMPANY_RELATIONSHIP","NONE","No pre-existing portfolio-company update was approved in this reconciliation; any current match may reflect a later approved new-company addition.","","","No direct citation, deterministic target match, explicit platform signal, or shared company source was found.","","","fc67fa2106eedc0f345795973478beedd5623e42081355f34ba76d010604e77a"
"cmrv5vx4t00bth8hemaq8snb1","WB-2026-06-27-006","2026-06-26","ANNOUNCED","","Gresham House UK solar portfolio","United Kingdom","EUROPE","NO_EXISTING_COMPANY_MATCH","NO_PROVEN_EXISTING_COMPANY_RELATIONSHIP","NONE","No pre-existing portfolio-company update was approved in this reconciliation; any current match may reflect a later approved new-company addition.","","","No direct citation, deterministic target match, explicit platform signal, or shared company source was found.","","","3ed88f03fa32937da892ef9eda5b6682befb69791aeaaf9e930da0f0a7768fcf"
"cmrv5vxfb00byh8he3vncg0rw","WB-2026-06-27-007","2026-06-26","ANNOUNCED","","TerraWind / Sym Energy Miyazaki wind JV","Japan","ASIA_PACIFIC","NO_EXISTING_COMPANY_MATCH","NO_PROVEN_EXISTING_COMPANY_RELATIONSHIP","NONE","No pre-existing portfolio-company update was approved in this reconciliation; any current match may reflect a later approved new-company addition.","","","No direct citation, deterministic target match, explicit platform signal, or shared company source was found.","","","9aa2bf2f62fd5a67f6df1eba072d7baae9c42931ea2a646709f78f6e74b71381"
"cmrv5vxpr00c2h8hehvty1nb8","WB-2026-06-27-008","2026-06-26","ANNOUNCED","","Specialist Fleet Services","United Kingdom","EUROPE","NO_EXISTING_COMPANY_MATCH","NO_PROVEN_EXISTING_COMPANY_RELATIONSHIP","NONE","No pre-existing portfolio-company update was approved in this reconciliation; any current match may reflect a later approved new-company addition.","","","No direct citation, deterministic target match, explicit platform signal, or shared company source was found.","","","008a20b9f0c3fc10b26ab278a35987c4584d1171223c4cd0e656ad8a394892a1"
"cmrv5vxy700c6h8hetpgguus5","WB-2026-06-27-009","2026-06-26","ANNOUNCED","","Integmar Marine Technologies","Türkiye","NORTH_AMERICA","NO_EXISTING_COMPANY_MATCH","NO_PROVEN_EXISTING_COMPANY_RELATIONSHIP","NONE","No pre-existing portfolio-company update was approved in this reconciliation; any current match may reflect a later approved new-company addition.","","","No direct citation, deterministic target match, explicit platform signal, or shared company source was found.","","","b947a763d4bed8206505e9a3d068840a6cf2b81bf6d9b688ee09247688ae3281"
"cmrv5vy8t00cah8he3wjfrb3k","WB-2026-06-27-010","2026-06-26","ANNOUNCED","","Southern Water","United Kingdom","EUROPE","NO_EXISTING_COMPANY_MATCH","NO_PROVEN_EXISTING_COMPANY_RELATIONSHIP","NONE","No pre-existing portfolio-company update was approved in this reconciliation; any current match may reflect a later approved new-company addition.","","","No direct citation, deterministic target match, explicit platform signal, or shared company source was found.","","","f821c65ebfe82ce4077cf9045daa0202516ec1a0fe6fc247e0167859a4efe53f"
"cmrv5vylw00cfh8he5aiww6mj","WB-2026-06-27-011","2026-06-26","ANNOUNCED","","Amprion indirect stake","Germany","EUROPE","NO_EXISTING_COMPANY_MATCH","NO_PROVEN_EXISTING_COMPANY_RELATIONSHIP","NONE","No pre-existing portfolio-company update was approved in this reconciliation; any current match may reflect a later approved new-company addition.","","","No direct citation, deterministic target match, explicit platform signal, or shared company source was found.","","","13e6b0c09c3f33ad9e7533fb091c31d613a3ee1f8e268cc297a09fd55bfd26b4"
"cmrv5vyyx00ckh8he26nyg50d","WB-2026-06-27-012","2026-06-26","ANNOUNCED","","Eurofiber Netz Berlin","Germany","EUROPE","NO_EXISTING_COMPANY_MATCH","NO_PROVEN_EXISTING_COMPANY_RELATIONSHIP","NONE","No pre-existing portfolio-company update was approved in this reconciliation; any current match may reflect a later approved new-company addition.","","","No direct citation, deterministic target match, explicit platform signal, or shared company source was found.","","","03a3511ca755c1e74ce535e5161289120745ef4e375bb7dc505fd21ad2be56bf"
"cmrv5vzc000cph8he5b28jj3w","WB-2026-07-03-001","2026-07-03","ANNOUNCED","","Roseton Generating Facility","United States","NORTH_AMERICA","NO_EXISTING_COMPANY_MATCH","NO_PROVEN_EXISTING_COMPANY_RELATIONSHIP","NONE","No pre-existing portfolio-company update was approved in this reconciliation; any current match may reflect a later approved new-company addition.","","","No direct citation, deterministic target match, explicit platform signal, or shared company source was found.","","","48ee4beadd8bbb5e906f74b2216413cdfc8ef62fd98ea7bae7e95f2111fc7d45"
"cmrv5vzkk00cth8he09gf6sw5","WB-2026-07-03-002","2026-07-03","ANNOUNCED","","Greenlight Electricity Centre","Canada","NORTH_AMERICA","NO_EXISTING_COMPANY_MATCH","NO_PROVEN_EXISTING_COMPANY_RELATIONSHIP","NONE","No pre-existing portfolio-company update was approved in this reconciliation; any current match may reflect a later approved new-company addition.","","","No direct citation, deterministic target match, explicit platform signal, or shared company source was found.","","","7bd03b902b7126d7fde7acd518753ee865986898cf3a3157aeea98efe7422b8f"
"cmrv5vzv400cxh8he153fbk1x","WB-2026-07-03-003","2026-07-03","ANNOUNCED","","Dion BESS","Germany","EUROPE","NO_EXISTING_COMPANY_MATCH","NO_PROVEN_EXISTING_COMPANY_RELATIONSHIP","NONE","No pre-existing portfolio-company update was approved in this reconciliation; any current match may reflect a later approved new-company addition.","","","No direct citation, deterministic target match, explicit platform signal, or shared company source was found.","","","a23d6b3749cdcb9e2620115a3df7bdf46b6ca82f89828aa1df40cf9b2faac91d"
"cmrv5w06200d1h8heug1oe0r3","WB-2026-07-03-004","2026-07-03","ANNOUNCED","","Kallista Energy","France","EUROPE","NO_EXISTING_COMPANY_MATCH","NO_PROVEN_EXISTING_COMPANY_RELATIONSHIP","NONE","No pre-existing portfolio-company update was approved in this reconciliation; any current match may reflect a later approved new-company addition.","","","No direct citation, deterministic target match, explicit platform signal, or shared company source was found.","","","14ec793874e1c9b765e1986ae303fe4fbddb17167ad556a708bff18b4ea52376"
"cmrv5w0ls00d8h8he0fpewj88","WB-2026-07-03-005","2026-07-03","ANNOUNCED","","Klara Renewables","Poland","EUROPE","NO_EXISTING_COMPANY_MATCH","NO_PROVEN_EXISTING_COMPANY_RELATIONSHIP","NONE","No pre-existing portfolio-company update was approved in this reconciliation; any current match may reflect a later approved new-company addition.","","","No direct citation, deterministic target match, explicit platform signal, or shared company source was found.","","","b2f9d4b957d22b241455e5488c7b42a8a3ee7a46bc56889143d076d49629b9a5"
"cmrv5w10v00deh8he0qtqqtc1","WB-2026-07-03-006","2026-07-03","ANNOUNCED","","Nordergrunde offshore wind farm","Germany","EUROPE","NO_EXISTING_COMPANY_MATCH","NO_PROVEN_EXISTING_COMPANY_RELATIONSHIP","NONE","No pre-existing portfolio-company update was approved in this reconciliation; any current match may reflect a later approved new-company addition.","","","No direct citation, deterministic target match, explicit platform signal, or shared company source was found.","","","15c2792dc11a3acabeb0e329970342f54bcd90605b8c9238aa5d66e28fb404c2"
"cmrv5w1di00dih8he7v7shr5e","WB-2026-07-03-007","2026-07-03","ANNOUNCED","","Enersol solar portfolio","Spain","EUROPE","NO_EXISTING_COMPANY_MATCH","NO_PROVEN_EXISTING_COMPANY_RELATIONSHIP","NONE","No pre-existing portfolio-company update was approved in this reconciliation; any current match may reflect a later approved new-company addition.","","","No direct citation, deterministic target match, explicit platform signal, or shared company source was found.","","","e4371f1850eb36493b6666822f4903b2e3aef905cc14b2c17b26df0d1bf4e211"
"cmrv5w1ul00doh8hexdooe13v","WB-2026-07-03-008","2026-07-03","ANNOUNCED","","Cobirgy biogas plant","Spain","EUROPE","NO_EXISTING_COMPANY_MATCH","NO_PROVEN_EXISTING_COMPANY_RELATIONSHIP","NONE","No pre-existing portfolio-company update was approved in this reconciliation; any current match may reflect a later approved new-company addition.","","","No direct citation, deterministic target match, explicit platform signal, or shared company source was found.","","","b8f6c6db9027193f3ecb7c78f4f4f861d4ef83440c0afcf8f77c2d4d7dabf89f"
"cmrv5w24y00dsh8he72a7bpi5","WB-2026-07-03-009","2026-07-03","CLOSED","","EQT AI Infrastructure / EdgeConneX","Global","NORTH_AMERICA","CONFIRMED_EXISTING_COMPANY_MATCH","DIRECT_DEAL_COMPANY_CITATION","HIGH","Reviewed July 21 reconciliation confirmed an existing portfolio-company relationship.","cmnva108n010nm8lztvho67ta","EdgeConneX","At least one published company is explicitly linked to the deal by a Citation row carrying both IDs.","","https://www.newswire.ca/news-releases/cpp-investments-partners-with-eqt-to-support-global-digital-infrastructure-growth-826226428.html","612fb31d44120476d6148512028095f6c41c826e58e21f72e0c8942d390160bc"
"cmrv5w2cw00dwh8hekwkyewfn","WB-2026-07-03-010","2026-07-03","ANNOUNCED","","Northern Virginia data centers","United States","NORTH_AMERICA","NO_EXISTING_COMPANY_MATCH","NO_PROVEN_EXISTING_COMPANY_RELATIONSHIP","NONE","No pre-existing portfolio-company update was approved in this reconciliation; any current match may reflect a later approved new-company addition.","","","No direct citation, deterministic target match, explicit platform signal, or shared company source was found.","","","b2b05e4fdeceb0cfe4973e3fe6f2e84c8606ad8449aea61648f2a90129689eb8"
"cmrv5w2q200e1h8herfcs2d1d","WB-2026-07-03-011","2026-07-03","ANNOUNCED","","ITG Inc.","United States","NORTH_AMERICA","NO_EXISTING_COMPANY_MATCH","NO_PROVEN_EXISTING_COMPANY_RELATIONSHIP","NONE","No pre-existing portfolio-company update was approved in this reconciliation; any current match may reflect a later approved new-company addition.","","","No direct citation, deterministic target match, explicit platform signal, or shared company source was found.","","","7b414fe8d4b4408ed75e7eac8fb1a7a9f99a10e6c2d3dac32a99553253248c4b"
"cmrv5w30h00e6h8hemlicn3c2","WB-2026-07-03-012","2026-07-03","ANNOUNCED","","Lefdal Mine Datacenter","Norway","EUROPE","NO_EXISTING_COMPANY_MATCH","NO_PROVEN_EXISTING_COMPANY_RELATIONSHIP","NONE","No pre-existing portfolio-company update was approved in this reconciliation; any current match may reflect a later approved new-company addition.","","","No direct citation, deterministic target match, explicit platform signal, or shared company source was found.","","","4cbbfea8b18372d97fecdd162153035cb9a12777061e29c86076c4738864bbc0"
"cmrv5w3cu00eah8he7fz5o4ou","WB-2026-07-03-013","2026-07-03","ANNOUNCED","","Kao Data","United Kingdom","EUROPE","NO_EXISTING_COMPANY_MATCH","NO_PROVEN_EXISTING_COMPANY_RELATIONSHIP","NONE","No pre-existing portfolio-company update was approved in this reconciliation; any current match may reflect a later approved new-company addition.","","","No direct citation, deterministic target match, explicit platform signal, or shared company source was found.","","","dc4d4dabd4c5ee9461753b385dd652dc68dd8236ececdc1ac9192f15c98ae6b9"
"cmrv5w3po00efh8hewrnel85s","WB-2026-07-03-014","2026-07-03","ANNOUNCED","","I-2SEA submarine cable system","India / Southeast Asia","ASIA_PACIFIC","NO_EXISTING_COMPANY_MATCH","NO_PROVEN_EXISTING_COMPANY_RELATIONSHIP","NONE","No pre-existing portfolio-company update was approved in this reconciliation; any current match may reflect a later approved new-company addition.","","","No direct citation, deterministic target match, explicit platform signal, or shared company source was found.","","","b570f36a3562ca4bfa6833949e6718b6311e64fcaed1621412b4cb4b6c73df9c"
"cmrv5w3xv00ejh8heastzp0sz","WB-2026-07-03-015","2026-07-03","ANNOUNCED","","Volta Data Centres","United Kingdom","EUROPE","NO_EXISTING_COMPANY_MATCH","NO_PROVEN_EXISTING_COMPANY_RELATIONSHIP","NONE","No pre-existing portfolio-company update was approved in this reconciliation; any current match may reflect a later approved new-company addition.","","","No direct citation, deterministic target match, explicit platform signal, or shared company source was found.","","","ae64c3da1aa76799bd2c038178afca8740a92bdf4ab726ee355ae42d75f43e29"
"cmrv5w4b200eoh8hecyikppg2","WB-2026-07-03-016","2026-07-03","ANNOUNCED","","Ubiquity Southern California fiber network","United States","NORTH_AMERICA","CONFIRMED_EXISTING_COMPANY_MATCH","DIRECT_DEAL_COMPANY_CITATION","HIGH","Reviewed July 21 reconciliation confirmed an existing portfolio-company relationship.","cmnva122e013um8lzwra570xs","Ubiquity","At least one published company is explicitly linked to the deal by a Citation row carrying both IDs.","","https://www.intrepidfiber.com/news/intrepid-fiber-networks-to-acquire-ubiquitys-southern-california-fiber-network/","ed035254825e0c76fe96ac2299b9858fd764dca12539ec8b50375f3006f5cb32"
"cmrv5w4qh00euh8hexyv7j7dm","WB-2026-07-03-017","2026-07-03","ANNOUNCED","","Ocean Yield","Norway / Global","EUROPE","NO_EXISTING_COMPANY_MATCH","NO_PROVEN_EXISTING_COMPANY_RELATIONSHIP","NONE","No pre-existing portfolio-company update was approved in this reconciliation; any current match may reflect a later approved new-company addition.","","","No direct citation, deterministic target match, explicit platform signal, or shared company source was found.","","","5e1700e56760da11e905dd5364aa8ce033d2cf8e4b171c79e29fc7e6f91d5ea0"
"cmrv5w53f00ezh8he1uv3xfw2","WB-2026-07-03-018","2026-07-03","ANNOUNCED","","GeniePoint EV charging locations","United Kingdom","EUROPE","NO_EXISTING_COMPANY_MATCH","NO_PROVEN_EXISTING_COMPANY_RELATIONSHIP","NONE","No pre-existing portfolio-company update was approved in this reconciliation; any current match may reflect a later approved new-company addition.","","","No direct citation, deterministic target match, explicit platform signal, or shared company source was found.","","","bbe41cdf8df558015f6933c604df97eccf35c3616d6d2c987b1e9d2fd9ab91ee"
"cmrv5w5e300f3h8heu1zs3dfq","WB-2026-07-03-019","2026-07-03","ANNOUNCED","","InstaVolt Iberian EV charging business","Spain / Portugal","EUROPE","NO_EXISTING_COMPANY_MATCH","NO_PROVEN_EXISTING_COMPANY_RELATIONSHIP","NONE","No pre-existing portfolio-company update was approved in this reconciliation; any current match may reflect a later approved new-company addition.","","","No direct citation, deterministic target match, explicit platform signal, or shared company source was found.","","","d1d9c1b78ee3a977fd462b7f21d49a566831aacd3012eeff7e9ef301321e9729"
"cmrv5w5te00f9h8heypagbdxm","WB-2026-07-03-020","2026-07-03","ANNOUNCED","","Drammen Fjernvarme","Norway","EUROPE","NO_EXISTING_COMPANY_MATCH","NO_PROVEN_EXISTING_COMPANY_RELATIONSHIP","NONE","No pre-existing portfolio-company update was approved in this reconciliation; any current match may reflect a later approved new-company addition.","","","No direct citation, deterministic target match, explicit platform signal, or shared company source was found.","","","c80aac1544be53b4ffc867f5a873da5faffeb094d3491bbf29346d4b8d760873"
"cmrv5w61h00fdh8hewz2gkaao","WB-2026-07-03-021","2026-07-03","ANNOUNCED","","Cardinal Midstream Delaware Basin assets","United States","NORTH_AMERICA","CONFIRMED_EXISTING_COMPANY_MATCH","DIRECT_DEAL_COMPANY_CITATION","HIGH","Reviewed July 21 reconciliation confirmed an existing portfolio-company relationship.","cmnva10og011dm8lziivuyec5","Cardinal Midstream Partners","At least one published company is explicitly linked to the deal by a Citation row carrying both IDs.","","https://www.encapinvestments.com/news/cardinal-midstream-partners-and-encap-flatrock-announce-sale-delaware-basin-assets-san-mateo","5de1f996a45009d20288ff0d76b58394adf1f03c34dce0a514f1c185953d71d2"
"cmrv5w6fc00fjh8he1vu81plx","WB-2026-07-10-001","2026-07-10","ANNOUNCED","","Great Bay Renewables","United States","NORTH_AMERICA","CONFIRMED_EXISTING_COMPANY_MATCH","DIRECT_DEAL_COMPANY_CITATION","HIGH","Reviewed July 21 reconciliation confirmed an existing portfolio-company relationship.","cmnva0s6p00mvm8lz161gv8op | cmnva0tr000pmm8lz3r3h486l","Altius Renewable Royalties Corp. | Great Bay Renewables","At least one published company is explicitly linked to the deal by a Citation row carrying both IDs.","","https://altiusminerals.com/_resources/press-releases/nr-20260710.pdf","937692fe0cb73eca4c7975e48cdaa6c75db5aaf1a02a914c889fe69ff5456023"
"cmrv5w6tx00fph8hes4es59ul","WB-2026-07-10-002","2026-07-10","ANNOUNCED","","Copia Power","United States","NORTH_AMERICA","CONFIRMED_EXISTING_COMPANY_MATCH","DIRECT_DEAL_COMPANY_CITATION","HIGH","Reviewed July 21 reconciliation confirmed an existing portfolio-company relationship.","cmnva0z9l00yvm8lzx4xyjdme","Copia Power","At least one published company is explicitly linked to the deal by a Citation row carrying both IDs.","","https://eqtgroup.com/news/eqt-to-acquire-copia-power-a-leading-integrated-power-and-ai-infrastructure-platform-2026-07-09","930a16719e9ad9485571a653abbaa1be2f1eeff9b86ace3ebab28ed4f0174a98"
"cmrv5w78i00fvh8herajfq28w","WB-2026-07-10-003","2026-07-10","ANNOUNCED","","Harmony Energy","Europe","EUROPE","NO_EXISTING_COMPANY_MATCH","NO_PROVEN_EXISTING_COMPANY_RELATIONSHIP","NONE","No pre-existing portfolio-company update was approved in this reconciliation; any current match may reflect a later approved new-company addition.","","","No direct citation, deterministic target match, explicit platform signal, or shared company source was found.","","","ac61f3700de2c24127a3a1753cff87770915309eb96369b7a20fc2bc79cc7cb9"
"cmrv5w7jr00fzh8heq8ymur1j","WB-2026-07-10-004","2026-07-10","ANNOUNCED","","Schwarzholz Agri-PV Park","Germany","EUROPE","NO_EXISTING_COMPANY_MATCH","NO_PROVEN_EXISTING_COMPANY_RELATIONSHIP","NONE","No pre-existing portfolio-company update was approved in this reconciliation; any current match may reflect a later approved new-company addition.","","","No direct citation, deterministic target match, explicit platform signal, or shared company source was found.","","","573f169cf2129eb9e90614ffc4b8ae3a6584918514aae8ff6ecdb6c3363add6e"
"cmrv5w7ud00g3h8heel653782","WB-2026-07-10-005","2026-07-10","ANNOUNCED","","NuGen C&I Solar Portfolio","United States","NORTH_AMERICA","NO_EXISTING_COMPANY_MATCH","NO_PROVEN_EXISTING_COMPANY_RELATIONSHIP","NONE","No pre-existing portfolio-company update was approved in this reconciliation; any current match may reflect a later approved new-company addition.","","","No direct citation, deterministic target match, explicit platform signal, or shared company source was found.","","","8a1878f9fa575d62b59eb93365b2d8a4e77b8afc9f25ce146660b138825be34b"
"cmrv5w85c00g7h8heux3gdy0f","WB-2026-07-10-006","2026-07-10","ANNOUNCED","","Lemvig Biogas","Denmark","NORTH_AMERICA","NO_EXISTING_COMPANY_MATCH","NO_PROVEN_EXISTING_COMPANY_RELATIONSHIP","NONE","No pre-existing portfolio-company update was approved in this reconciliation; any current match may reflect a later approved new-company addition.","","","No direct citation, deterministic target match, explicit platform signal, or shared company source was found.","","","104cf39d1f69e3e7b57371301802949921f71d7f8adc47971b207b32e51e6c44"
"cmrv5w8dv00gbh8he715zdb6h","WB-2026-07-10-007","2026-07-10","ANNOUNCED","","Nicollin Environnement","France","EUROPE","NO_EXISTING_COMPANY_MATCH","NO_PROVEN_EXISTING_COMPANY_RELATIONSHIP","NONE","No pre-existing portfolio-company update was approved in this reconciliation; any current match may reflect a later approved new-company addition.","","","No direct citation, deterministic target match, explicit platform signal, or shared company source was found.","","","489634b584e0ba0976861af849d1f285bd0f4ace553def3f005a82452fb17bb2"
"cmrv5w8of00gfh8henfhxcn2o","WB-2026-07-10-008","2026-07-10","ANNOUNCED","","Paprec Metabader","Switzerland","NORTH_AMERICA","NO_EXISTING_COMPANY_MATCH","NO_PROVEN_EXISTING_COMPANY_RELATIONSHIP","NONE","No pre-existing portfolio-company update was approved in this reconciliation; any current match may reflect a later approved new-company addition.","","","No direct citation, deterministic target match, explicit platform signal, or shared company source was found.","","","8fdb3d941c54bdcc955dcb739465c05c190a0b31abf953d31de8137977620cf9"
"cmrv5w91j00glh8heomle3yj0","WB-2026-07-10-009","2026-07-10","ANNOUNCED","","Kundl Campus Infrastructure & Site Services","Austria","NORTH_AMERICA","NO_EXISTING_COMPANY_MATCH","NO_PROVEN_EXISTING_COMPANY_RELATIONSHIP","NONE","No pre-existing portfolio-company update was approved in this reconciliation; any current match may reflect a later approved new-company addition.","","","No direct citation, deterministic target match, explicit platform signal, or shared company source was found.","","","7ef39083a8b9b24e515db30bc85d190ce07531fd07a3b87836247de20c2e9ecc"
"cmrv5w99o00gph8he126emkvd","WB-2026-07-10-010","2026-07-10","ANNOUNCED","","Milestone Environmental","United States","NORTH_AMERICA","NO_EXISTING_COMPANY_MATCH","DIRECT_DEAL_COMPANY_CITATION","HIGH","No pre-existing portfolio-company update was approved in this reconciliation; any current match may reflect a later approved new-company addition.","j26_company_815abd395ff975ed0d56c293","Milestone Environmental","At least one published company is explicitly linked to the deal by a Citation row carrying both IDs.","","https://isquaredcapital.com/news/acquisition-agreement-milestone-environmental/","61424ca75292cdb68c17eb8145d1514524b2a50fc5990749bd74c52b0101c450"
"cmrv5w9kq00gth8heacfnfblc","WB-2026-07-10-011","2026-07-10","ANNOUNCED","","Sabey Data Center Properties","United States","NORTH_AMERICA","CONFIRMED_EXISTING_COMPANY_MATCH","DIRECT_DEAL_COMPANY_CITATION","HIGH","Reviewed July 21 reconciliation confirmed an existing portfolio-company relationship.","cmnva0ntv00g3m8lzjejtj0ji","Sabey Data Centers","At least one published company is explicitly linked to the deal by a Citation row carrying both IDs.","","https://www.globenewswire.com/news-release/2026/07/08/3324085/0/en/sabey-data-center-properties-welcomes-strategic-investment-from-ares-strengthening-platform-for-continued-growth.html","9dacafec47d6623853af7a864b8c4cbaa8c2435cec8846e8d3aaabf4407cdbaa"
"cmrv5w9vr00gxh8hex0as1x8g","WB-2026-07-10-012","2026-07-10","ANNOUNCED","","Northern Fiber Holding","Germany","EUROPE","NO_EXISTING_COMPANY_MATCH","NO_PROVEN_EXISTING_COMPANY_RELATIONSHIP","NONE","No pre-existing portfolio-company update was approved in this reconciliation; any current match may reflect a later approved new-company addition.","","","No direct citation, deterministic target match, explicit platform signal, or shared company source was found.","","","9569da9205f8029841a3271bc871e88e4a54872e367c539bcae3fff9b9b32fc3"
"cmrv5wa3g00h1h8hesdaw5lnm","WB-2026-07-10-013","2026-07-10","ANNOUNCED","","D-Marin","Mediterranean / EMEA","NORTH_AMERICA","NO_EXISTING_COMPANY_MATCH","NO_PROVEN_EXISTING_COMPANY_RELATIONSHIP","NONE","No pre-existing portfolio-company update was approved in this reconciliation; any current match may reflect a later approved new-company addition.","","","No direct citation, deterministic target match, explicit platform signal, or shared company source was found.","","","544a166b977511b17eb3facf2a1f4a3f4215d2eeeae95591490eda10cca3a3de"
"cmrv5wafz00h6h8he037foi2y","WB-2026-07-10-014","2026-07-10","ANNOUNCED","","Helen EV Charging Business","Finland","EUROPE","NO_EXISTING_COMPANY_MATCH","NO_PROVEN_EXISTING_COMPANY_RELATIONSHIP","NONE","No pre-existing portfolio-company update was approved in this reconciliation; any current match may reflect a later approved new-company addition.","","","No direct citation, deterministic target match, explicit platform signal, or shared company source was found.","","","828ff486d5abdf4845bd7b2e834542cdf98a391cf402c130c998702f59c6d16c"
"cmrv5waqj00hah8heo9tadp9z","WB-2026-07-10-015","2026-07-10","ANNOUNCED","","Dresser Utility Solutions","United States","NORTH_AMERICA","NO_EXISTING_COMPANY_MATCH","DIRECT_DEAL_COMPANY_CITATION","HIGH","No pre-existing portfolio-company update was approved in this reconciliation; any current match may reflect a later approved new-company addition.","j26_company_9453f2367096a313715c1441","Dresser Utility Solutions","At least one published company is explicitly linked to the deal by a Citation row carrying both IDs.","","https://www.blackstone.com/news/press/blackstone-energy-transition-partners-announces-agreement-to-acquire-dresser-utility-solutions-from-first-reserve/","3809e9eb54b30e823b0e0ce5bd1cf5bce8c6788d26b4727d81e7612fe4cf7122"
"cmrv5wb5v00hhh8he5v77ego3","WB-2026-07-10-016","2026-07-10","ANNOUNCED","","MidOcean Energy","North America / Global","NORTH_AMERICA","NO_EXISTING_COMPANY_MATCH","NO_PROVEN_EXISTING_COMPANY_RELATIONSHIP","NONE","No pre-existing portfolio-company update was approved in this reconciliation; any current match may reflect a later approved new-company addition.","","","No direct citation, deterministic target match, explicit platform signal, or shared company source was found.","","","2a8b244ce066e91ce510593e9dbcd871fdfe07dd540e081ea5e4edaa85f00ca3"
"cmrv5wbgk00hlh8he6nk74l3h","WB-2026-07-17-001","2026-07-17","ANNOUNCED","","Sprng Energy","India","ASIA_PACIFIC","NO_EXISTING_COMPANY_MATCH","NO_PROVEN_EXISTING_COMPANY_RELATIONSHIP","NONE","No pre-existing portfolio-company update was approved in this reconciliation; any current match may reflect a later approved new-company addition.","","","No direct citation, deterministic target match, explicit platform signal, or shared company source was found.","","","8c7757c53ba3c48b5f8473a0c3a65d0077b41136fe265356780b34567e2fa144"
"cmrv5wbto00hph8hectw4muie","WB-2026-07-17-002","2026-07-17","ANNOUNCED","","Summit Ridge Energy","United States","NORTH_AMERICA","CONFIRMED_EXISTING_COMPANY_MATCH","DIRECT_DEAL_COMPANY_CITATION","HIGH","Reviewed July 21 reconciliation confirmed an existing portfolio-company relationship.","cmnva0txl00pym8lztee54mui","Summit Ridge Energy","At least one published company is explicitly linked to the deal by a Citation row carrying both IDs.","","https://www.globenewswire.com/news-release/2026/07/14/3326975/0/en/global-infrastructure-partners-agrees-to-acquire-summit-ridge-energy.html","b68d6b7a907ab990104409a58f2d3ed9509170ea1e954e3e9af6b162bba62fc7"
"cmrv5wc2y00hth8hei1qed9kl","WB-2026-07-17-003","2026-07-17","ANNOUNCED","","Formosa 2 Offshore Wind Farm","Taiwan","ASIA_PACIFIC","NO_EXISTING_COMPANY_MATCH","NO_PROVEN_EXISTING_COMPANY_RELATIONSHIP","NONE","No pre-existing portfolio-company update was approved in this reconciliation; any current match may reflect a later approved new-company addition.","","","No direct citation, deterministic target match, explicit platform signal, or shared company source was found.","","","70db723581ee7609af272ede6f673d72174b33c50caf6551b4d4bdea30b17c4a"
"cmrv5wcdi00hxh8he750fveef","WB-2026-07-17-004","2026-07-17","ANNOUNCED","","Tuscania BESS Portfolio","Italy","EUROPE","NO_EXISTING_COMPANY_MATCH","NO_PROVEN_EXISTING_COMPANY_RELATIONSHIP","NONE","No pre-existing portfolio-company update was approved in this reconciliation; any current match may reflect a later approved new-company addition.","","","No direct citation, deterministic target match, explicit platform signal, or shared company source was found.","","","d69a1e28b8a54e4b4e22ddf1f85a6cc01a9c397236a4bbfbbadc17f1a64eeeaf"
"cmrv5wco800i1h8he3809w5tp","WB-2026-07-17-005","2026-07-17","ANNOUNCED","","SELCHP","United Kingdom","EUROPE","NO_EXISTING_COMPANY_MATCH","NO_PROVEN_EXISTING_COMPANY_RELATIONSHIP","NONE","No pre-existing portfolio-company update was approved in this reconciliation; any current match may reflect a later approved new-company addition.","","","No direct citation, deterministic target match, explicit platform signal, or shared company source was found.","","","460fffc12b3a19352a42ef64a44a10e1c13397f966de3b218be3f150fd4ba1ab"
"cmrv5wd3p00i7h8he3libxk2b","WB-2026-07-17-006","2026-07-17","ANNOUNCED","","ClearGen C&I Solar Portfolio","United States","NORTH_AMERICA","CONFIRMED_EXISTING_COMPANY_MATCH","DIRECT_DEAL_COMPANY_CITATION","HIGH","Reviewed July 21 reconciliation confirmed an existing portfolio-company relationship.","cmnva0y4j00wum8lznfqkmf5b","ClearGen Holdings","At least one published company is explicitly linked to the deal by a Citation row carrying both IDs.","","https://www.businesswire.com/news/home/20260714806483/en/ClearGen-Acquires-19-MW-Portfolio-of-Operating-Distributed-Generation-Solar-Assets","5e4cda36101273fa987f3ebe1b35b252e35fe0c3f84fb40adaaf5e8c57412099"
"cmrv5wdel00ibh8heqfhecwbq","WB-2026-07-17-007","2026-07-17","ANNOUNCED","","EcoEridania","Italy","EUROPE","NO_EXISTING_COMPANY_MATCH","NO_PROVEN_EXISTING_COMPANY_RELATIONSHIP","NONE","No pre-existing portfolio-company update was approved in this reconciliation; any current match may reflect a later approved new-company addition.","","","No direct citation, deterministic target match, explicit platform signal, or shared company source was found.","","","9e96ab55ecbfa7b987cc9e7102d7163596cc82265d5f1ceaeca5c217da73045e"
"cmrv5wdu100ihh8he2bhic6tz","WB-2026-07-17-008","2026-07-17","CLOSED","","All American Tire / Colt Tire Recycling / Genan","United States","NORTH_AMERICA","CONFIRMED_EXISTING_COMPANY_MATCH","DIRECT_DEAL_COMPANY_CITATION","HIGH","Reviewed July 21 reconciliation confirmed an existing portfolio-company relationship.","cmnva13c90162m8lzay2ksmem","Liberty Tire Recycling","At least one published company is explicitly linked to the deal by a Citation row carrying both IDs.","","https://libertytire.com/About/News/Liberty-Tire-Recycling-Strengthens-Gulf-Coast-Operations-and-Recycling-Efforts-with-Strategic-Acquisitions/","3d0a36532ec162dc1ddadf34d8d06a41b8f6102f2399175a53cd21f621c39bb8"
"cmrv5we2h00ilh8heo7a26b64","WB-2026-07-17-009","2026-07-17","ANNOUNCED","","Cyntox Biohazard Solutions","United States","NORTH_AMERICA","NO_EXISTING_COMPANY_MATCH","DIRECT_DEAL_COMPANY_CITATION","HIGH","No pre-existing portfolio-company update was approved in this reconciliation; any current match may reflect a later approved new-company addition.","j26_company_5caab411560abd65db18cf55 | j26_company_2418fb7b2d0d2d6b763ed784","AdvoWaste Medical Services | Cyntox Biohazard Solutions","At least one published company is explicitly linked to the deal by a Citation row carrying both IDs.","","https://www.igneoip.com/usa/en/institutional/news-and-insights/press/igneo-acquires-two-us-medical-waste-management-businesses.html","7e0d13aff6093263eab4c7e103329262894c80619c8fa7bbb82489c6e1a2d3a2"
"cmrv5wecz00iph8hembuh8e39","WB-2026-07-17-010","2026-07-17","ANNOUNCED","","AdvoWaste Medical Services","United States","NORTH_AMERICA","NO_EXISTING_COMPANY_MATCH","DIRECT_DEAL_COMPANY_CITATION","HIGH","No pre-existing portfolio-company update was approved in this reconciliation; any current match may reflect a later approved new-company addition.","j26_company_5caab411560abd65db18cf55 | j26_company_2418fb7b2d0d2d6b763ed784","AdvoWaste Medical Services | Cyntox Biohazard Solutions","At least one published company is explicitly linked to the deal by a Citation row carrying both IDs.","","https://www.igneoip.com/usa/en/institutional/news-and-insights/press/igneo-acquires-two-us-medical-waste-management-businesses.html","cb861a8ed177571d26b8eed99766deb38cce9546d1018aa3128695ba6c17e7b4"
"cmrv5wend00ish8hep4juhda0","WB-2026-07-17-011","2026-07-17","ANNOUNCED","","Raxio Group","Africa","MIDDLE_EAST_AFRICA","NO_EXISTING_COMPANY_MATCH","NO_PROVEN_EXISTING_COMPANY_RELATIONSHIP","NONE","No pre-existing portfolio-company update was approved in this reconciliation; any current match may reflect a later approved new-company addition.","","","No direct citation, deterministic target match, explicit platform signal, or shared company source was found.","","","8415ed15431edbf5b249327bb51e2f7684dd2b572c7f531dff59293f4e8019b4"
"cmrv5weva00iwh8henxf0elfw","WB-2026-07-17-012","2026-07-17","ANNOUNCED","","TIP Group","Europe","EUROPE","NO_EXISTING_COMPANY_MATCH","NO_PROVEN_EXISTING_COMPANY_RELATIONSHIP","NONE","No pre-existing portfolio-company update was approved in this reconciliation; any current match may reflect a later approved new-company addition.","","","No direct citation, deterministic target match, explicit platform signal, or shared company source was found.","","","57929baa0fd4a880e8b04c567d5ce70aec2c062b04e2d0c5a9431dd884d55f21"
"cmrv5wfgj00j3h8hezlrugqcm","WB-2026-07-17-013","2026-07-17","ANNOUNCED","","Delfin FLNG2","United States","NORTH_AMERICA","NO_EXISTING_COMPANY_MATCH","NO_PROVEN_EXISTING_COMPANY_RELATIONSHIP","NONE","No pre-existing portfolio-company update was approved in this reconciliation; any current match may reflect a later approved new-company addition.","","","No direct citation, deterministic target match, explicit platform signal, or shared company source was found.","","","7a01aa8f00bfa7c90219dca4e8c415a723fd23211c7a7c3645e1301034f0c7e4"
