auditId,sourceLine,company,country,investmentFirm,sector,status,ownerCount,milestoneCount,sourceCount,proposedTargetCount,priority,score,flags,malformedDates,exactDuplicates,nearDuplicates,lowValueMilestones,recategoryCandidates,missingEntryOwners,missingExitOwners,sourceCoverage,sourceUrls,reviewerDecision,reviewerNotes
consolidated-communications__united-states,31297,Consolidated Communications,United States,Searchlight,Digital,Active,2,7,8,2-5 after pruning,high,76,low_value_milestone | over_dense_scorecard,,,,"Sep 22, 2025 | Financing | Fidium disclosed an inaugural ABS financing exceeding $1 billion to help fuel continued fiber expansion.",,,,,https://www.consolidated.com/About-Us/News/Article-Detail/ID/979/Consolidated-Communications-Announces-Agreement-to-be-Acquired-by-Searchlight-Capital-Partners-and-British-Columbia-Investment-Management-Corporation | https://searchlightcap.com/news/consolidated-communications-shareholders-approve-proposed-transaction-with-searchlight-and-bci/ | https://www.sec.gov/Archives/edgar/data/1304421/000110465923109249/tm2328485d2_defa14a.htm | https://broadbandbreakfast.com/fcc-approves-sale-of-consolidated-communications-to-pe-firms/ | https://www.consolidated.com/About-Us/Investor-Relations | https://www.fidiumfiber.com/blog/news/consolidated-communications-becomes-fidium-uniting-all-services-under-one-bold-identity | https://www.consolidated.com/about-us/news/article-detail/id/1118/consolidated-communications-announces-ceo-transition | https://www.consolidated.com/About-Us/leadership/michael-smith,,
tract__united-states,27135,Tract,United States,Tract Capital Management,Digital,Active,1,8,10,2-5 after pruning,high,73,excessive_other_milestones | over_dense_scorecard,,,,,,,,,https://tractcapital.com/strategies-portfolio/ | https://tractcapital.com/meet-the-team/ | https://www.datacenterdynamics.com/en/news/tracts-grant-van-rooyen-launches-new-data-center-developer-fleet-dc/ | https://www.datacenterdynamics.com/en/news/colcap-and-van-rooyen-launching-new-1-billion-data-center-fund-known-as-tract/ | https://www.sec.gov/Archives/edgar/data/1954956/000195708522000005/xslFormDX08/primary_doc.xml | https://www.tract.com/ | https://www.tract.com/who-we-are/ | https://tractcapital.com/news/tract-announces-acquisition-of-1200-acres-in-hanover-county-va/ | https://www.tract.com/news/tract-closes-acquisition-of-1515-acres-in-caldwell-county-texas-for-multi-gigawatt-data-center-technology-park/ | https://www.tract.com/news/tract-expands-its-greater-reno-portfolio-closing-on-1060-acres-in-silver-springs-nevada-following-successful-rezoning-and-development-agreement-with-lyon-county/,,
vantage-data-centers__united-states-canada,15031,Vantage Data Centers,United States / Canada,DigitalBridge,Digital,Active,6,7,7,5-6 after pruning,high,59,over_dense_scorecard,,,,,,,,,https://vantage-dc.com/ | https://vantage-dc.com/news/vantageacquired/ | https://www.silverlake.com/consortium-of-digital-bridge-psp-investments-and-tiaa-investments-acquires-vantage-data-centers/ | https://www.cbrecaledon.com/wp-content/uploads/2020/07/Vantage-Data-Centers-Investment-Press-Release.pdf | https://www.gcmgrosvenor.com/wp-content/uploads/GCM-Grosvenor-LIF-2020-Impact-Report.pdf | https://www.digitalbridge.com/news/2024-06-13-vantage-data-centers-completes-92-billion-equity-investment-led-by-digitalbridge-and-silver-lake | https://www.digitalbridge.com/portfolio/vantage-data-centers-north-america,,
puget-sound-energy__united-states,26179,Puget Sound Energy,United States,Macquarie Asset Management,Utilities,Active,6,6,10,current 2-5 target,high,47,recategorization_candidate,,,,,"Financing: Sep 4, 2025 | Other | BCI published an investment insight describing Puget Sound Energy as one of BCI's largest and longest-standing infrastructure investments.",,,,https://www.pse.com/en/about-us | https://www.otpp.com/en-ca/about-us/news-and-insights/2022/macquarie-asset-management-and-ontario-teachers--complete-acquis/ | https://www.pse.com/en/Customer-Service/pse-locations-2 | https://www.omers.com/news/omers-infrastructure-announces-investment-in-puget-sound-energy | https://www.sec.gov/Archives/edgar/data/81100/000119312509027209/dex991.htm | https://www.sec.gov/Archives/edgar/data/81100/000119312509027209/dex991.htm | https://www.macquarie.com/us/en/about/news/2022/macquarie-asset-management-and-ontario-teachers-complete-acquisition-of-stake-in-puget-holdings.html | https://pggm.nl/en/press/puget-sound-energy-welcomes-new-investment | https://www.bci.ca/powering-the-pacific-northwest-bcis-strategic-investment-in-puget-sound-energy/ | https://www.bci.ca/wp-content/uploads/2024/08/IRR-Program-FS-2024_Secured.pdf,,
puget-energy-puget-sound-energy__united-states,723,Puget Energy / Puget Sound Energy,United States,AIMCo,Utilities,Active,2,5,7,current 2-5 target,high,39,recategorization_candidate,,,,,"Financing: Sep 4, 2025 | Other | BCI published an investment insight describing Puget Sound Energy as one of BCI's largest and longest-standing infrastructure investments.",,,,https://www.aimco.ca/insights/aimco-increases-stake-in-puget-sound-energy | https://assets.ctfassets.net/lyt4cjmefjno/5aorUTYWwgPMIGc9cNPx9r/8518334d4637dbde57c10a376b60c10c/puget_investment.pdf | https://www.sec.gov/Archives/edgar/data/81100/000119312509027209/d8k.htm | https://www.pse.com/en/about-us | https://www.pse.com/en/Customer-Service/pse-locations-2 | https://www.bci.ca/powering-the-pacific-northwest-bcis-strategic-investment-in-puget-sound-energy/ | https://www.bci.ca/wp-content/uploads/2024/08/IRR-Program-FS-2024_Secured.pdf,,
cruise-terminals-international__united-states,22972,Cruise Terminals International,United States,iCON Infrastructure,Transportation,Active,1,4,4,current 2-5 target,medium,40,excessive_other_milestones | no_transaction_or_milestone_source_purpose,,,,,,,,no_transaction_or_milestone_source_purpose,https://cruisetermint.com/ | https://cruisetermint.com/partners/ | https://iconinfrastructure.com/investments/ | https://www.prnewswire.com/news-releases/the-virgin-islands-port-authority-royal-caribbean-group-and-cruise-terminals-international-commemorate-crown-bay-district-redevelopment-signing-302646007.html,,
sunrise-renewables__united-states,13223,Sunrise Renewables,United States,Copenhagen Infrastructure Partners,Power & ET,Active,1,3,4,current 2-5 target,medium,40,excessive_other_milestones | no_transaction_or_milestone_source_purpose,,,,,,,,no_transaction_or_milestone_source_purpose,https://psc.ky.gov/pscecf/2024-00406/tosterloh%40sturgillturner.com/01292025030138/2_KSB_Lost_City_Application.pdf | https://psc.ky.gov/pscecf/2024-00406/tosterloh%40sturgillturner.com/01292025030138/2A_Lost_City_Attachment_A_Corporate_Information.pdf | https://psc.ky.gov/pscecf/2024-00406/tosterloh%40sturgillturner.com/03212025051535/01_Response_to_KSB_RFI-1.pdf | https://psc.ky.gov/pscecf/2024-00406/tosterloh%40sturgillturner.com/06062025050850/Lost_City_Witness_List.pdf,,
accel-international__united-states,8055,Accel International,United States,Blackstone,Power & ET,Active,1,1,4,2-5 after research,medium,30,thin_scorecard,,,,,,,,,https://accelinternational.com/ | https://accelinternational.com/about-us/ | https://accelinternational.com/products/ | https://www.blackstone.com/our-businesses/blackstone-energy-transition-partners/,,
advanced-recycling-technologies__united-states,16118,Advanced Recycling Technologies,United States,Ember Infrastructure,Power & ET,Active,1,1,3,2-5 after research,medium,30,thin_scorecard,,,,,,,,,https://www.advancedrecyclingtechnologies.com/ | https://www.advancedrecyclingtechnologies.com/waste-to-energy | https://www.prnewswire.com/news-releases/advanced-recycling-technologies-announces-growth-investment-from-ember-infrastructure-302315469.html,,
agecare-facilities-portfolio__canada,5512,AgeCare Facilities Portfolio,Canada,Axium Infrastructure,Social Infra,Active,1,1,4,2-5 after research,medium,30,thin_scorecard,,,,,,,,,https://www.axiuminfra.com/portfolio-assets/?lang=en | https://www.axiuminfra.com/2020/01/08/agecare-and-axium-infrastructure-form-a-partnership-to-share-ownership-of-five-continuing-care-facilities-in-alberta/?lang=en | https://www.agecare.ca/ | https://www.axiuminfra.com/wp-content/uploads/2020/01/Website-Release_Project-Aster_Axium_en_Final.pdf,,
arbor-renewable-gas__united-states,16382,Arbor Renewable Gas,United States,EnCap Investments,Power & ET,Active,1,1,4,2-5 after research,medium,30,thin_scorecard,,,,,,,,,https://www.arborgas.com/ | https://www.encapinvestments.com/about/energy-transition/portfolio/current/arbor-renewable-gas | https://www.encapinvestments.com/news/arbor-renewable-gas-llc-secures-capital-commitment-encap-investments-lp | https://www.encapinvestments.com/about/energy-transition/portfolio,,
arc__united-states,20818,ARC,United States,H.I.G. Capital,Utilities,Active,1,1,3,2-5 after research,medium,30,thin_scorecard,,,,,,,,,https://arcwastecompactors.com/ | https://hig.com/portfolio/arc/ | https://higinfrastructure.com/portfolio/arc/,,
autopista-arco-norte-s-a-de-c-v__mexico,29519,"Autopista Arco Norte, S.A. de C.V.",Mexico,OTPP,Transportation,Active,1,1,4,2-5 after research,medium,30,thin_scorecard,,,,,,,,,https://www.arconorte.com.mx/en/about-us/ | https://www.otpp.com/en-ca/about-us/news-and-insights/2016/impulsora-del-desarrollo-y-el-empleo-en-america-latina-s-a-b-de-c-v-cppib-and-ontario-teachers-pension-plan-create-strategic-partnership-to-invest-in/ | https://www.cppinvestments.com/newsroom/cppib-invests-mexican-infrastructure/ | https://www.proyectosmexico.gob.mx/?language=en&p=4809&post_type=proyecto_inversion&so=1,,
blue-hill-wind-facility__canada,23690,Blue Hill Wind Facility,Canada,InfraRed Capital Partners,Power & ET,Active,1,1,3,2-5 after research,medium,30,thin_scorecard,,,,,,,,,https://www.ircp.com/news/infrared-capital-partners-acquire-stakes-four-wind-assets-algonquin-power-utilities-corp-0/ | https://www.ircp.com/case-study/us-onshore-wind/ | https://www.saskpower.com/our-power-future/our-electricity/electrical-system/system-map/blue-hill-wind-facility,,
chicago-cbd-data-center-chil2__united-states,21534,Chicago CBD Data Center (CHIL2),United States,Harrison Street,Digital,Active,1,1,3,2-5 after research,medium,30,thin_scorecard,,,,,,,,,https://www.1547realty.com/data-center/chicago-il-chil2/ | https://harrisonst.com/exclusive-harrison-street-and-fifteenfortyseven-acquire-four-data-center-facilities-in-u-s/ | https://www.1547realty.com/,,
clearcurrent__united-states,7415,ClearCurrent,United States,Bernhard Capital Partners,Utilities,Active,1,1,3,2-5 after research,medium,30,thin_scorecard,,,,,,,,,https://clearcurrent.com/ | https://www.bernhardcapital.com/portfolio-items/clearcurrent/ | https://www.bernhardcapital.com/wp-content/uploads/2025/11/BCP_ESGReport_24_102025.pdf,,
common-energy__united-states,24952,Common Energy,United States,Kimmeridge,Power & ET,Active,1,1,5,2-5 after research,medium,30,thin_scorecard,,,,,,,,,https://www.commonenergy.us/ | https://www.commonenergy.us/locations | https://www.commonenergy.us/for-organizations | https://www.prnewswire.com/news-releases/kimmeridge-carbon-solutions-commits-15-million-to-us-light-energy--a-highly-regarded-developer-of-community-solar-solutions-301923528.html | https://kimmeridge.com/select-investments/,,
cpv-three-rivers-energy-center__united-states,5849,CPV Three Rivers Energy Center,United States,Axium Infrastructure,Power & ET,Active,1,1,4,2-5 after research,medium,30,thin_scorecard,,,,,,,,,https://www.axiuminfra.com/news/page/7/?lang=en | https://www.axiuminfra.com/wp-content/uploads/2020/08/Media-Release_Axium-Invests-in-Three-Rivers-Project.pdf | https://www.axiuminfra.com/portfolio-assets/?lang=en | https://cpv.com/portfolio/cpv-three-rivers/,,
earthwise-environmental-solutions__united-states,16171,Earthwise Environmental Solutions,United States,Ember Infrastructure,Social Infra,Active,1,1,3,2-5 after research,medium,30,thin_scorecard,,,,,,,,,https://www.earthwisees.com/ | https://ember-infra.com/portfolio | https://www.earthwisees.com/leadership,,
envirapac-monticello__united-states,19153,EnviraPAC Monticello,United States,Generate Capital,Power & ET,Active,1,1,5,2-5 after research,medium,30,thin_scorecard,,,,,,,,,https://generatecapital.com/investment/ | https://www.ncat.org/arkansas-carbon-venture-turns-sustainable-forestry-management-residuals-into-market-ready-product/ | https://biomassmagazine.com/directory/companies/772 | https://chemicalsamerica.com/companies/envirapac-monticello | https://chemicalsamerica.com/2021-Attendee-List,,
fighting-jays-solar__united-states,12918,Fighting Jays Solar,United States,Copenhagen Infrastructure Partners,Power & ET,Active,1,1,4,2-5 after research,medium,30,thin_scorecard,,,,,,,,,https://www.cip.com/media/wyanyzxq/cip_esg-report_2021_reduced-file-size.pdf | https://www.cip.com/media/ij0feeuk/cip-esg-report-2024-final-for-web-20250312.pdf | https://www.pensiondanmark.com/en/investments/strategy-for-private-markets/fighting-jays/ | https://renewablesnow.com/news/cip-finalises-acquisition-of-350-mw-solar-project-in-texas-707841/,,
first-student__united-states-canada,17087,First Student,United States / Canada,EQT Infrastructure,Transportation,Active,1,1,3,2-5 after research,medium,30,thin_scorecard,,,,,,,,,https://firststudentinc.com/ | https://eqtgroup.com/about/current-portfolio/first-student | https://firststudentinc.com/resources/newsroom/eqt-infrastructure-closes-acquisition-of-first-student-and-first-transit/,,
ground-water-treatment-technology-llc__united-states,16196,"Ground/Water Treatment & Technology, LLC",United States,Ember Infrastructure,Utilities,Active,1,1,4,2-5 after research,medium,30,thin_scorecard,,,,,,,,,https://www.gwttllc.com/ | https://www.gwttllc.com/about-gwtt/ | https://www.prnewswire.com/news-releases/groundwater-treatment--technology-llc-announces-majority-growth-investment-from-ember-infrastructure-301856032.html | https://www.gwttllc.com/services/,,
h2o-innovation-inc__united-states-canada,16222,H2O Innovation Inc.,United States / Canada,Ember Infrastructure,Utilities,Active,1,1,3,2-5 after research,medium,30,thin_scorecard,,,,,,,,,https://www.h2oinnovation.com/ | https://www.h2oinnovation.com/about-us/company/ | https://www.businesswire.com/news/home/20231208427843/en/Ember-Completes-Acquisition-of-H2O-Innovation,,
habitat-solar__united-states,6825,Habitat Solar,United States,Basalt Infrastructure Partners,Power & ET,Active,1,1,4,2-5 after research,medium,30,thin_scorecard,,,,,,,,,https://www.marketscreener.com/quote/stock/ARES-MANAGEMENT-CORPORATI-50061101/news/Basalt-III-managed-by-Basalt-Infrastructure-Partners-LLP-and-IGS-Solar-LLC-acquired-unknown-stake-i-33649345/ | https://www.basaltinfra.com/portfolio/habitat-solar/ | https://www.basaltinfra.com/wp-content/uploads/2023/05/Annual-ESG-Report-2022-website.pdf | https://www.igssolar.com/,,
homer__united-states,33864,Homer,United States,Vision Ridge,Utilities,Active,1,1,5,2-5 after research,medium,30,thin_scorecard,,,,,,,,,https://vision-ridge.com/investments/ | https://rrgcapitalmanagement.com/ | https://rrgcapitalmanagement.com/investments | https://www.rbf.org/sites/default/files/rbf-investing-2020-report-final-pages.pdf | https://privateequityinfo.com/directory/private-equity-portfolio-company/1/homer,,
jh-transport-portfolio__united-states,26745,JH Transport Portfolio,United States,Manulife,Transportation,Active,1,1,3,2-5 after research,medium,30,thin_scorecard,,,,,,,,,https://www.manulifeim.com/institutional/global/en/strategies/private-markets/infrastructure/direct-infrastructure-equity | https://www.manulifeim.com/institutional/global/en/strategies/private-markets/infrastructure/partners | https://www.manulifeim.com/institutional/global/en/strategies/private-markets/infrastructure/infrastructure-team,,
maple-ppp-portfolio__canada,28724,Maple PPP Portfolio,Canada,Northleaf,Social Infra,Active,1,1,3,2-5 after research,medium,30,thin_scorecard,,,,,,,,,https://www.northleafcapital.com/infrastructure-investments?page=2 | https://www.pehub.com/3431984/ | https://www.sec.gov/Archives/edgar/data/1007286/000110465922052411/a22-11456_1ex99dp.htm,,
midway-technology-centre__united-states,21889,Midway Technology Centre,United States,Harrison Street,Digital,Active,1,1,3,2-5 after research,medium,30,thin_scorecard,,,,,,,,,https://harrisonst.com/exclusive-harrison-street-and-fifteenfortyseven-acquire-four-data-center-facilities-in-u-s/ | https://www.1547realty.com/ | https://www.datacenterdynamics.com/en/news/harrison-street-and-1547-acquire-four-data-center-facilities-in-the-us-from-cim-group/,,
orangeburg-data-center-orny1__united-states,21914,Orangeburg Data Center (ORNY1),United States,Harrison Street,Digital,Active,1,1,3,2-5 after research,medium,30,thin_scorecard,,,,,,,,,https://www.1547realty.com/data-center/orangeburg-new-york-orny1/ | https://harrisonst.com/exclusive-harrison-street-and-fifteenfortyseven-acquire-four-data-center-facilities-in-u-s/ | https://www.1547realty.com/,,
pearl-ruby-solar-portfolio__united-states,5133,Pearl / Ruby solar portfolio,United States,Argo Infrastructure Partners,Power & ET,Active,1,1,3,2-5 after research,medium,30,thin_scorecard,,,,,,,,,https://www.sec.gov/Archives/edgar/data/1289790/000110465921083888/tm2120341d1_defa14a.htm | https://www.prnewswire.com/news-releases/marathon-capital-announces-argos-investment-in-a-114-mw-distributed-solar-portfolio-300790298.html | https://www.ballardspahr.com/insights/news/2019/03/ballard-spahr-represents-argo-infrastructure-partners-in-solar-energy-investment,,
pine-street-garage__united-states,12543,Pine Street Garage,United States,CIM Group,Transportation,Active,1,1,3,2-5 after research,medium,30,thin_scorecard,,,,,,,,,https://www.cimgroup.com/press-releases/cim-group-acquires-844-stall-parking-garage-in-downtown-seattle | https://www.cimgroup.com/our-platforms/assets | https://www.lazparking.com/real-estate,,
pittock-block-data-center__united-states,21939,Pittock Block Data Center,United States,Harrison Street,Digital,Active,1,1,3,2-5 after research,medium,30,thin_scorecard,,,,,,,,,https://www.1547realty.com/resource/1547-and-harrison-street-acquire-portland-carrier-hotel-and-data-center/ | https://www.1547realty.com/ | https://www.datacenterdynamics.com/en/news/1547-and-harrison-street-upgrade-portlands-pittock-block-data-center/,,
seven-seas-water-group__united-states,17278,Seven Seas Water Group,United States,EQT Infrastructure,Utilities,Active,1,1,4,2-5 after research,medium,30,thin_scorecard,,,,,,,,,https://sevenseaswater.com/ | https://eqtgroup.com/about/current-portfolio/seven-seas-water-group | https://eqtgroup.com/en/news/eqt-to-acquire-seven-seas-water-group-a-leading-provider-of-sustainable-water-and-wastewater-solutions-2025-05-22 | https://sevenseaswater.com/news/,,
skyway-towers__united-states,6910,Skyway Towers,United States,Basalt Infrastructure Partners,Digital,Active,1,1,3,2-5 after research,medium,30,thin_scorecard,,,,,,,,,https://skywaytowers.com/ | https://skywaytowers.com/docs/BasaltSkyway.pdf | https://hl.com/about-us/transactions/houlihan-lokey-advises-skyway-towers/,,
summit-infrastructure-group-summitig__united-states,22079,Summit Infrastructure Group (SummitIG),United States,Harrison Street,Digital,Active,1,1,3,2-5 after research,medium,30,thin_scorecard,,,,,,,,,https://www.summitig.com/ | https://www.summitig.com/press-releases/harrison-street-acquires-significant-minority-interest-in-summit-infrastructure-group/ | https://www.harrisonst.com/,,
swan-lake-north-pumped-storage-project__united-states,13280,Swan Lake North Pumped Storage Project,United States,Copenhagen Infrastructure Partners,Power & ET,Active,1,1,3,2-5 after research,medium,30,thin_scorecard,,,,,,,,,https://www.slenergystorage.com/project.html | https://www.renewableenergyworld.com/energy-storage/pumped-storage/cip-acquires-393-mw-swan-lake-1200-mw-goldendale-pumped-storage-hydro-projects-in-u-s/ | https://goldendaleenergystorage.com/news.html,,
torch-clean-energy__united-states,28300,Torch Clean Energy,United States,MSIP,Power & ET,Active,1,1,4,2-5 after research,medium,30,thin_scorecard,,,,,,,,,https://torchcleanenergy.com/ | https://www.morganstanley.com/press-releases/morgan-stanley-infrastructure-partners--torch-clean-energy | https://www.key.com/businesses-institutions/industry-expertise/energy/torch-clean-energy.html | https://torchcleanenergy.com/winchester-battery-energy-storage-project/,,
tower-investments-i__united-states,20793,Tower Investments I,United States,Grain,Digital,Active,1,1,3,2-5 after research,medium,30,thin_scorecard,,,,,,,,,https://graingp.com/investments/ | https://graingp.com/ | https://www.linkedin.com/company/grain-management-llc/,,
trail-ridge-power__united-states,20980,Trail Ridge Power,United States,H.I.G. Capital,Power & ET,Active,1,1,3,2-5 after research,medium,30,thin_scorecard,,,,,,,,,https://hig.com/portfolio/trail-ridge-power/ | https://www.trailridgepower.com/ | https://higinfrastructure.com/portfolio/trail-ridge-power/,,
twin-parking-holdings__united-states,5393,Twin Parking Holdings,United States,Astatine Investment Partners,Transportation,Active,1,1,3,2-5 after research,medium,30,thin_scorecard,,,,,,,,,https://astatineip.com/investment/twin-parking-holdings/ | https://astatineip.com/investments/ | https://astatineip.com/about/,,
white-river-hydro-project__canada,11783,White River Hydro Project,Canada,CC&L,Power & ET,Active,1,1,3,2-5 after research,medium,30,thin_scorecard,,,,,,,,,https://cclinfrastructure.cclgroup.com/cases/white-river-hydro-project/ | https://cclinfrastructure.cclgroup.com/our-investments/portfolio-overview/ | https://www.owwa.ca/white-river-hydroelectric-project,,
wyoming-data-center-chwy1__united-states,22297,Wyoming Data Center (CHWY1),United States,Harrison Street,Digital,Active,1,1,3,2-5 after research,medium,30,thin_scorecard,,,,,,,,,https://www.businesswire.com/news/home/20211102006105/en/fifteenfortyseven-Critical-Systems-Realty-and-Harrison-Street-Acquire-Portfolio-of-Four-Strategically-Located-Data-Centers-in-New-York-Chicago-and-Wyoming | https://www.1547realty.com/ | https://dgtlinfra.com/1547-critical-systems-realty/,,
meyersdale-energy-storage__united-states,30022,Meyersdale Energy Storage,United States,Quinbrook,Power & ET,Active,2,5,4,current 2-5 target,medium,29,excessive_other_milestones,,,,,,,,,https://www.quinbrook.com/projects/meyersdale-battery/ | https://glidepath.net/projects/ | https://www.quinbrook.com/portfolio/glidepath/ | https://www.energy-storage.news/augmentation-and-end-of-life-era-arrives-with-3gwh-of-us-grid-scale-bess-now-4-years-old/,,
modern-aviation__united-states,2739,Modern Aviation,United States,Apollo Global Management,Transportation,Active,2,5,5,current 2-5 target,medium,29,low_value_milestone,,,,Nov 2023 | Divestiture | Tiger announced the sale of Modern Aviation from Fund II and said Tiger funds would reinvest alongside Apollo; the post-transaction Tiger fund vehicle was not publicly disclosed.,,,,,https://modern-aviation.com/about-us/ | https://www.tigerinfrastructure.com/portfolio/Modern-Aviation | https://www.prnewswire.com/news-releases/tiger-infrastructure-partners-announces-fund-ii-sale-of-fbo-leader-modern-aviation-301976481.html | https://modern-aviation.com/apollo-infrastructure-funds-acquire-majority-stake-in-modern-aviation/ | https://www.apollo.com/insights-news/pressreleases/2023/11/apollo-infrastructure-funds-acquire-majority-stake-in-modern-aviation-2772854,,
st-albans-industrial-treatment-saint__united-states,30397,St. Albans Industrial Treatment (SAINT),United States,Quinbrook,Power & ET,Active,2,5,5,current 2-5 target,medium,29,excessive_other_milestones,,,,,,,,,https://purposeenergy.com/news-insights/purposeenergy-to-build-new-18m-biogas-plant-in-vermont-for-ben-jerrys-2/ | https://purposeenergy.com/event/grand-opening-purposeenergy-st-albans/ | https://americanbiogascouncil.org/purposeenergy-celebrates-grand-opening-of-st-albans-renewable-energy-facility-in-partnership-with-ben-jerrys-ice-cream/ | https://www.prnewswire.com/news-releases/purposeenergy-celebrates-grand-opening-of-st-albans-renewable-energy-facility-in-partnership-with-ben--jerrys-ice-cream-302468480.html | https://www.quinbrook.com/portfolio/purposeenergy/,,
527-renewables-holdings-llc__united-states,5484,527 Renewables Holdings LLC,United States,Axium Infrastructure,Power & ET,Active,1,3,4,current 2-5 target,medium,25,excessive_other_milestones,,,,,,,,,https://www.axiuminfra.com/portfolio-assets/?lang=en | https://www.axiuminfra.com/2022/02/02/february-2-2022-axium-infrastructure-acquires-a-diversified-portfolio-of-renewable-energy-assets/?lang=en | https://www.constellation.com/ | https://www.axiuminfra.com/wp-content/uploads/2022/02/Axium_Press-Release_CRP-Investment.pdf,,
all-points-broadband__united-states,31268,All Points Broadband,United States,Searchlight,Digital,Active,1,4,4,current 2-5 target,medium,25,excessive_other_milestones,,,,,,,,,https://searchlightcap.com/news/searchlight-capital-partners-makes-strategic-investment-in-all-points-broadband/ | https://allpointsbroadband.com/searchlight-capital-partners-makes-strategic-investment-in-all-points-broadband/ | https://allpointsbroadband.com/all-points-broadband-dominion-energy-virginia-and-northern-neck-electric-cooperative-announce-completion-of-northern-neck-regional-broadband-initiative/ | https://www.northernneck.us/northern-neck-broadband-project/,,
arbour-heights__canada,5567,Arbour Heights,Canada,Axium Infrastructure,Social Infra,Active,1,3,4,current 2-5 target,medium,25,excessive_other_milestones,,,,,,,,,https://www.axiuminfra.com/2019/07/03/july-3-2019-joint-venture-of-revera-inc-and-axium-infrastructure-expands-with-acquisition-of-arbour-heights-long-term-care-home-in-kingston-ontario/?lang=en | https://www.axiuminfra.com/2018/04/30/april-30-2018-revera-and-axium-infrastructure-form-a-joint-venture-to-share-ownership-of-32-long-term-care-homes/?lang=en | https://reveraliving.com/en/live-with-us/ontario/kingston/arbour-heights | https://www.axiuminfra.com/wp-content/uploads/2019/07/Press-Release_Revera-Axium-consortium-acquires-Arbour-Heights_July-3-2019-1.pdf,,
autopistas-metropolitanas-de-puerto-rico-metropistas__united-states,5651,Autopistas Metropolitanas de Puerto Rico (Metropistas),United States,Axium Infrastructure,Transportation,Active,1,4,5,current 2-5 target,medium,25,excessive_other_milestones,,,,,,,,,https://www.axiuminfra.com/portfolio-assets/?lang=en | https://www.winston.com/en/insights-news/proximo-americas-deals-of-the-year-2020 | https://puertoricop3a.org/metropistas/ | https://www.p3.pr.gov/highways-pr-22-pr-5/highways-pr-22-pr-5 | https://www.metropistas.com/,,
big-fiber__united-states,30977,BIG Fiber,United States,SDC,Digital,Active,1,3,4,current 2-5 target,medium,25,excessive_other_milestones,,,,,,,,,https://bigfiber.com/ | https://sdccapitalpartners.com/investments/ | https://www.fierce-network.com/telecom/bandwidth-pitches-its-dark-fiber-alternative-big-name-rivals-3-key-markets | https://www.privsource.com/acquisitions/telecommunications/2020,,
bold-ocean-schuyler-line-navigation__united-states,24633,Bold Ocean / Schuyler Line Navigation,United States,J.P. Morgan Asset Management,Transportation,Active,1,3,4,current 2-5 target,medium,25,excessive_other_milestones,,,,,,,,,https://www.boldocean.com/ | https://www.boldocean.com/about/ | https://www.novainfrastructure.com/nova-completes-sale-of-bold-ocean | https://maritime-executive.com/corporate/bold-ocean-acquired-by-institutional-investors-advised-by-j-p-morgan,,
broadwing-energy-low-carbon-infrastructure__united-states,22379,Broadwing Energy / Low Carbon Infrastructure,United States,I Squared Capital,Power & ET,Active,1,3,4,current 2-5 target,medium,25,excessive_other_milestones,,,,,,,,,https://broadwingenergy.com/ | https://www.lowcarboninfra.com/ | https://isquaredcapital.com/cpt_news/i-squared-capital-and-low-carbon-infrastructure-announce-landmark-clean-power-partnership-with-google/ | https://www.adm.com/en-us/news/news-releases/2023/10/adm-and-broadwing-to-build-carbon-capture-enabled-power-plant-at-decatur-complex/,,
bruce-power__canada,29344,Bruce Power,Canada,OMERS,Utilities,Active,1,5,4,current 2-5 target,medium,25,excessive_other_milestones,,,,,,,,,https://www.omers.com/omers-community/son-bruce-power-record-investment-for-an-indigenous-nation | https://www.omersinfrastructure.com/news/omers-achieves-milestone-in-canadian-infrastructure-financing-with-bruce | https://www.omers.com/omers-2025-annual-meeting-transcript | https://www.omers.com/omers-2024-annual-report,,
carbon-terravault__united-states,9322,Carbon TerraVault,United States,Brookfield Asset Management,Power & ET,Active,1,5,4,current 2-5 target,medium,25,excessive_other_milestones,,,,,,,,,https://www.crc.com/carbon-terravault | https://www.crc.com/news-releases/news-release-details/california-resources-corporation-announces-formation-california | https://www.crc.com/news-releases/news-release-details/carbon-terravault-provides-2025-update | https://www.crc.com/news-releases/news-release-details/california-resources-corporation-breaks-ground-californias-first,,
cascade-renewable-transmission-project__united-states,33113,Cascade Renewable Transmission Project,United States,Ullico,Utilities,Active,1,5,3,current 2-5 target,medium,25,excessive_other_milestones,,,,,,,,,https://www.nevadatreasurer.gov/uploadedFiles/nevadatreasurergov/content/NCIC/Meetings/2023/NCIC_Board_Packet.pdf | https://www.oregon.gov/energy/facilities-safety/facilities/Facilities%20library/2026-02-27-CRTAPPDoc01-02-pASC-Organizational-Expertise-Exhibit.pdf | https://efsec.wa.gov/sites/default/files/2025-10/20251006_CRT_Draft_ApplicationRedacted.pdf,,
chester-county-hyperscale-data-center__united-states,21505,Chester County Hyperscale Data Center,United States,Harrison Street,Digital,Active,1,3,5,current 2-5 target,medium,25,low_value_milestone,,,,Feb 2024 | Financing | Reporting described 1547's data-center fund relationship with Harrison Street and identified the Chester County campus as a major 1547 project.,,,,,https://www.datacenterdynamics.com/en/news/1547-csr-planning-2-million-sq-ft-150mw-campus-outside-philadelphia-pennsylvania/ | https://www.datacenterdynamics.com/en/news/1547-csr-seeks-to-raise-250m-for-data-center-fund-report/ | https://baxtel.com/data-center/1547-chester-county-pa | https://www.eastwhiteland.org/news_detail_T2_R162.php | https://dcmag.fr/1547-critical-systems-realty-veut-lever-250-millions-supplementaire-pour-son-fonds-datacenters/,,
cincinnati-bell-wireless-spectrum-licenses__united-states,20479,Cincinnati Bell Wireless spectrum licenses,United States,Grain,Digital,Active,1,3,4,current 2-5 target,medium,25,excessive_other_milestones,,,,,,,,,https://graingp.com/investments/ | https://graingp.com/news/cincinnati-bell-to-sell-wireless-spectrum-licenses/ | https://graingp.com/news/verizon-wireless-to-buy-cincinnati-bells-aws-spectrum/ | https://www.altafiber.com/about-us/news/cincinnati-bell-to-sell-wireless-spectrum-licenses,,
cyrq-energy__united-states,25726,Cyrq Energy,United States,Macquarie Asset Management,Power & ET,Active,1,3,5,current 2-5 target,medium,25,excessive_other_milestones,,,,,,,,,https://cyrqenergy.com/ | https://cyrqenergy.com/about-us/ | https://cyrqenergy.com/leadership/ | https://www.macquarie.com/se/en/about/company/macquarie-asset-management/our-portfolio/cyrq-energy.html | https://www.mirafunds.com/ca/en/footer/press/mira-reaches-financial-close-on-cyrq-energy.html,,
duquesne-university-forbes-avenue-student-housing__united-states,21727,Duquesne University Forbes Avenue Student Housing,United States,Harrison Street,Social Infra,Active,1,5,3,current 2-5 target,medium,25,excessive_other_milestones,,,,,,,,,https://harrisonst.com/duquesne-university-announces-new-student-apartment-building-in-partnership-with-harrison-street-and-radnor-property-group/ | https://www.duq.edu/about/news/articles/2022/12/duquesne-university-announces-new-student-apartment-building-on-forbes-avenue.php | https://www.radnorproperty.com/,,
equinix-xscale-u-s-jv__united-states,13592,Equinix xScale U.S. JV,United States,CPP Investments,Digital,Active,1,5,3,current 2-5 target,medium,25,excessive_other_milestones,,,,,,,,,https://newsroom.equinix.com/2024-10-01-Equinix-Agrees-to-Form-Greater-Than-15B-JV-to-Expand-Hyperscale-Data-Centers-in-the-U-S-and-Support-Growing-AI-and-Cloud-Innovation | https://www.cppinvestments.com/newsroom/cpp-investments-net-assets-total-714-4-billion-at-2025-fiscal-year-end/ | https://www.equinix.com/data-centers,,
fibernow__united-states,14913,Fibernow,United States,DigitalBridge,Digital,Active,1,3,4,current 2-5 target,medium,25,excessive_other_milestones,,,,,,,,,https://www.fibernow.com/ | https://www.digitalbridge.com/portfolio/fibernow | https://www.paulweiss.com/insights/client-news/digitalbridge-backed-opticaltel-becomes-fibernow | https://fibernow.com/aboutus/,,
freight-ninja__united-states,4931,Freight Ninja,United States,Argo Infrastructure Partners,Transportation,Active,1,3,5,current 2-5 target,medium,25,excessive_other_milestones,,,,,,,,,https://www.freightninja.com/ | https://www.freightninja.com/fleet-parking/ | https://www.lazparking.com/our-company/about/news/2025/05/06/laz-parking-acquires-majority-interest-in-freight-ninja | https://www.prnewswire.com/news-releases/laz-parking-announces-a-long-term-investment-from-argo-infrastructure-partners-301452042.html | https://www.freightninja.com/partners/,,
goldendale-energy-storage__united-states,12944,Goldendale Energy Storage,United States,Copenhagen Infrastructure Partners,Power & ET,Active,1,3,5,current 2-5 target,medium,25,excessive_other_milestones,,,,,,,,,https://goldendaleenergystorage.com/ | https://goldendaleenergystorage.com/project.html | https://goldendaleenergystorage.com/faq.html | https://www.renewableenergyworld.com/energy-storage/pumped-storage/cip-acquires-393-mw-swan-lake-1200-mw-goldendale-pumped-storage-hydro-projects-in-u-s/ | https://goldendaleenergystorage.com/news.html,,
goodwell-wind__united-states,21149,Goodwell Wind,United States,Harbert Management Corp (Harbert Infra / Gulf Pacific),Power & ET,Active,1,3,3,current 2-5 target,medium,25,excessive_other_milestones,,,,,,,,,https://www.globenewswire.com/news-release/2019/12/16/1961121/0/en/Gulf-Pacific-Power-Acquires-Majority-Stake-in-Wind-Portfolio.html | https://www.harbert.net/ | https://www.gem.wiki/Goodwell_Wind_Energy_Center,,
guzman-energy__united-states,33800,Guzman Energy,United States,Vision Ridge,Utilities,Active,1,5,6,current 2-5 target,medium,25,excessive_other_milestones,,,,,,,,,https://www.guzmanenergy.com/ | https://www.guzmanenergy.com/leo-guzman/ | https://www.guzmanenergy.com/wp-content/uploads/2025/07/Resource-Adequacy-Report-2025.pdf | https://www.epicos.com/article/308290/guzman-energy-raises-130-million-liquidity-fund-continued-growth | https://www.guzmanenergy.com/how-it-works/ | https://www.guzmanenergy.com/guzman-energy-secures-15-year-contract-extension-with-kit-carson-electric-cooperative/,,
hallcon-corporation__united-states-canada,18870,Hallcon Corporation,United States / Canada,GCM,Transportation,Active,1,3,4,current 2-5 target,medium,25,excessive_other_milestones,,,,,,,,,https://hallcon.com/ | https://hallcon.com/about/ | https://hallcon.com/about/news/hallcon-partners-with-new-investors-gcm-grosvenor-and-blue-wolf-capital-partners/ | https://www.gcmgrosvenor.com/wp-content/uploads/GCM-Grosvenor-2023-Labor-and-Economic-Impact-Report.pdf,,
helax-istmo__mexico,13000,Helax Istmo,Mexico,Copenhagen Infrastructure Partners,Power & ET,Active,1,3,4,current 2-5 target,medium,25,excessive_other_milestones,,,,,,,,,https://www.globenewswire.com/news-release/2023/12/22/2800776/0/en/Copenhagen-Infrastructure-Partners-signs-MoU-with-Mexican-authorities-for-Helax-Istmo-a-green-hydrogen-project.html | https://www.business-humanrights.org/en/latest-news/response-of-copenhagen-infrastructure-partners/ | https://www.linkedin.com/posts/copenhagen-infrastructure-partners-k-s_we-ended-2023-on-a-high-shortly-before-activity-7148198819447431168-gHZm | https://fuelcellsworks.com/2024/12/06/green-hydrogen/mexico-major-green-hydrogen-and-ammonia-plant-to-begin-operations-in-isthmus-of-tehuantepec-by-2028,,
highland-electric-fleets__united-states,33833,Highland Electric Fleets,United States,Vision Ridge,Transportation,Active,1,4,5,current 2-5 target,medium,25,low_value_milestone,,,,Feb 2021 | Financing | Vision Ridge led a $253 million equity investment in Highland; the exact fund vehicle was not publicly disclosed in reviewed sources.,,,,,https://highlandfleets.com/about-us/ | https://highlandfleets.com/projects/ | https://vision-ridge.com/investments/ | https://www.nasdaq.com/press-release/highland-electric-transportation-raises-%24253-million-from-vision-ridge-partners | https://www.prnewswire.com/news-releases/highland-electric-fleets-secures-150-million-equity-investment-from-aiga-capital-partners-to-accelerate-national-expansion-302637254.html,,
intellirent__united-states,30799,intellirent,United States,Sandbrook,Utilities,Active,1,3,4,current 2-5 target,medium,25,excessive_other_milestones,,,,,,,,,https://www.prnewswire.com/news-releases/sandbrook-capital-acquires-intellirent-a-market-leader-in-mission-critical-testing-equipment-solutions-for-power-and-infrastructure-markets-302380177.html | https://sandbrook.com/portfolio/intellirent/ | https://www.prnewswire.com/news-releases/electro-rent-sells-intellirent-302379715.html | https://sandbrook.com/,,
iron-star-wind-project__united-states,23827,Iron Star Wind Project,United States,InfraRed Capital Partners,Power & ET,Active,1,3,3,current 2-5 target,medium,25,excessive_other_milestones,,,,,,,,,https://www.ircp.com/news/infrared-capital-partners-announces-significant-investment-north-american-renewables-assets/ | https://www.engie-na.com/project/iron-star/ | https://www.ircp.com/investments/energy-transition-renewables/,,
laguna-water-supply__united-states,27468,Laguna Water Supply,United States,Meridiam,Utilities,Active,1,3,4,current 2-5 target,medium,25,excessive_other_milestones,,,,,,,,,https://www.meridiam.com/assets/laguna-water-supply/ | https://perenfra.com/ | https://www.meridiam.com/wp-content/uploads/2025/10/BD-LIVRE-MERIDIAM-VA.pdf | https://perenfra.com/news/,,
landmark-properties-inc__united-states,26800,"Landmark Properties, Inc.",United States,Manulife,Social Infra,Active,1,5,6,current 2-5 target,medium,25,excessive_other_milestones,,,,,,,,,https://www.landmarkproperties.com/ | https://www.landmarkproperties.com/about-us/ | https://www.manulifeim.com/institutional/global/en/viewpoints/private-markets/manulife-investment-management-and-landmark-properties-form-joint-venture | https://www.landmarkproperties.com/wp-content/uploads/2025/08/2024_ESG-Annual-Report.pdf | https://www.landmarkproperties.com/landmark-properties-announces-2025-milestone/ | https://www.landmarkproperties.com/landmark-properties-and-manulife-investment-management-announce-construction-start-on-the-metropolitan-on-south-u-in-ann-arbor-mi/,,
leading-light-wind__united-states,33259,Leading Light Wind,United States,Ullico,Power & ET,Active,1,5,4,current 2-5 target,medium,25,excessive_other_milestones,,,,,,,,,https://leadinglightwind.com/ | https://www.boem.gov/renewable-energy/state-activities/inv-project-fact-sheet-dev-leading-light-wind | https://invenergy.com/news/leading-light-wind-an-american-led-offshore-wind-project-awarded-contract-by-state-of-new-jersey-ushers-in-new-era-for-domestic-clean-energy-transition | https://firstlight.energy/energy/leading-light-wind/,,
lumos-fiber__united-states,17139,Lumos Fiber,United States,EQT Infrastructure,Digital,Active,1,3,3,current 2-5 target,medium,25,excessive_other_milestones,,,,,,,,,https://www.lumosfiber.com/ | https://eqtgroup.com/about/current-portfolio/lumos | https://www.lumosfiber.com/blog/2025/04/01/t-mobile-and-eqt-close-joint-venture-to-acquire-lumos-and-expand-fiber-internet-access/,,
maas-energy-works__united-states,31773,Maas Energy Works,United States,Stonepeak,Power & ET,Active,1,3,4,current 2-5 target,medium,25,excessive_other_milestones,,,,,,,,,https://www.maasenergy.com/ | https://stonepeak.com/investments | https://stonepeak.com/wp-content/uploads/2023/10/Stonepeak-TCFD-Report-2022_VF.pdf | https://www.maasenergy.com/media,,
macdonald-block-reconstruction-project__canada,18318,Macdonald Block Reconstruction Project,Canada,Fengate Asset Management,Social Infra,Active,1,3,3,current 2-5 target,medium,25,excessive_other_milestones,,,,,,,,,https://www.infrastructureontario.ca/en/what-we-do/projectssearch/macdonald-block-reconstruction-project/ | https://fengate.com/news/fengate-pcl-consortium-shortlisted-macdonald-block-reconstruction-project | https://fengate.com/news/financial-close-achieved-for-macdonald-block-reconstruction-project,,
maher-terminals-llc__united-states,26001,Maher Terminals LLC,United States,Macquarie Asset Management,Transportation,Active,1,4,4,current 2-5 target,medium,25,excessive_other_milestones,,,,,,,,,https://www.maherterminals.com/ | https://www.maherterminals.com/wp-content/uploads/2024/07/2023-Sustainability-Report.pdf | https://www.macquarie.com/au/en/about/company/macquarie-asset-management/our-portfolio/maher-terminals.html | https://www.macquarie.com/au/en/about/company/macquarie-asset-management/capabilities/infrastructure.html,,
mass-ave-housing-partners__united-states,6245,Mass Ave Housing Partners,United States,Axium Infrastructure,Social Infra,Active,1,4,5,current 2-5 target,medium,25,excessive_other_milestones,,,,,,,,,https://www.axiuminfra.com/portfolio-assets/?lang=en | https://www.umass.edu/news/article/umass-amherst-takes-next-steps-build | https://www.umassba.org/sites/umassba.net/files/financial-documents/FINAL-UMBA-FS-FY22.pdf | https://www.umass.edu/news/article/construction-progressing-new-undergraduate-and-graduate-housing-and-student-family | https://www.umass.edu/dean-students/off-campus-life/faqs,,
millennium-garages__united-states,23662,Millennium Garages,United States,InfraBridge,Transportation,Active,1,3,4,current 2-5 target,medium,25,excessive_other_milestones,,,,,,,,,https://www.infrabridge.com/our-portfolio | https://www.millenniumgarages.com/ | https://www.infrapppworld.com/news/amp-capital-and-northleaf-close-deal-to-acquire-chicago-s-millennium-garages-for-us-370-million | https://www.prnewswire.com/news-releases/dense-air--millennium-garages-collaborate-to-transform-cellular-connectivity-underground-302141201.html,,
national-water-infrastructure__united-states,7528,National Water Infrastructure,United States,Bernhard Capital Partners,Utilities,Active,1,3,3,current 2-5 target,medium,25,excessive_other_milestones,,,,,,,,,https://www.bernhardcapital.com/portfolio-items/national-water-infrastructure/ | https://www.prnewswire.com/news-releases/national-water-infrastructure-providing-financial-relief-to-customers-and-communities-301073404.html | https://www.nmgco.com/userfiles/files/Revised%20Application%20Direct%20Testimony%20of%20Jeffrey%20M_%20Baudier.pdf,,
naugatuck-avenue-storage__united-states,3767,Naugatuck Avenue Storage,United States,ArcLight Capital Partners,Power & ET,Active,1,3,3,current 2-5 target,medium,25,excessive_other_milestones,,,,,,,,,https://arclight.com/ | https://www.interconnection.fyi/project/isone-1123 | https://cleanview.co/planned-battery-projects/connecticut/1089_naugatuck_avenue_battery_storage_req20210108_CT_new_haven_poidevon_115_kv_open_position_between_4t_and_5t/naugatuck-avenue-battery-storage,,
newlevel__united-states,20594,NewLevel,United States,Grain,Digital,Active,1,5,4,current 2-5 target,medium,25,excessive_other_milestones,,,,,,,,,https://graingp.com/investments/ | https://graingp.com/news/grain-management-enters-exclusive-arrangement-to-acquire-800-mhz-spectrum-portfolio-from-t-mobile-with-plan-to-support-critical-utility-communications/ | https://docs.fcc.gov/public/attachments/DA-25-429A1.pdf | https://www.t-mobile.com/news/business/t-mobile-finalizing-sale-of-800-mhz-to-grain,,
ohio-state-energy-partners__united-states,6303,Ohio State Energy Partners,United States,Axium Infrastructure,Social Infra,Active,1,4,4,current 2-5 target,medium,25,excessive_other_milestones,,,,,,,,,https://www.axiuminfra.com/2017/04/10/april-7-2017-engie-and-axium-secure-50-year-comprehensive-energy-management-contract-with-the-ohio-state-university/?lang=en | https://www.osu.edu/energymanagement/index.php?id=55 | https://busfin.osu.edu/university-business/comprehensive-energy-management/energy-concession-agreement | https://www.osu.edu/energymanagement/index.php?id=67,,
ontario-science-partners__canada,17805,Ontario Science Partners,Canada,Equitix,Social Infra,Active,1,4,5,current 2-5 target,medium,25,excessive_other_milestones,,,,,,,,,https://www.infrastructureontario.ca/en/news-and-media/news/new-ontario-science-centre-facility/new-ontario-science-centre-contract-awarded/ | https://news.ontario.ca/en/release/1007092/province-awards-contract-to-build-new-ontario-science-centre-at-ontario-place | https://www.laing.com/insights/osp-consortium-is-preferred-bidder-for-new-ontario-science-centre-ppp/ | https://sacyr.com/en/-/adjudicacion-museo-ciencias-ontario | https://www.debevoise.com/news/2021/05/debevoise-advises-pantheon-in-its-role-in,,
origin-wind__united-states,21256,Origin Wind,United States,Harbert Management Corp (Harbert Infra / Gulf Pacific),Power & ET,Active,1,3,3,current 2-5 target,medium,25,excessive_other_milestones,,,,,,,,,https://www.globenewswire.com/news-release/2019/12/16/1961121/0/en/Gulf-Pacific-Power-Acquires-Majority-Stake-in-Wind-Portfolio.html | https://www.harbert.net/ | https://www.gem.wiki/Origin_Wind_Energy_Center,,
palmetto__united-states,22660,Palmetto,United States,I Squared Capital,Power & ET,Active,1,3,5,current 2-5 target,medium,25,excessive_other_milestones,,,,,,,,,https://palmetto.com/ | https://isquaredcapital.com/txnm_fund/infratech/ | https://www.palmetto.com/about-us | https://www.crunchbase.com/funding_round/palmetto-series-c--905d1165 | https://www.prnewswire.com/news-releases/palmetto-raises-375-million-to-accelerate-residential-clean-energy-independence-301490295.html,,
parkway-generation__united-states,3794,Parkway Generation,United States,ArcLight Capital Partners,Power & ET,Active,1,3,3,current 2-5 target,medium,25,excessive_other_milestones,,,,,,,,,https://www.prnewswire.com/news-releases/arclight-closes-acquisition-of-4-8-gw-power-generation-portfolio-from-pseg-301485739.html | https://www.alphagen.com/ | https://arclight.com/portfolio-services/,,
pivot-energy__united-states,15497,Pivot Energy,United States,ECP,Power & ET,Active,1,5,4,current 2-5 target,medium,25,excessive_other_milestones,,,,,,,,,https://www.pivotenergy.net/ | https://www.pivotenergy.net/about-us | https://www.ecpgp.com/about/news-and-insights/press-releases/2021/ecp-announces-acquisition-of-pivot-energy | https://www.pivotenergy.net/energy-capital-partners,,
powerhouse-data-centers__united-states,21964,PowerHouse Data Centers,United States,Harrison Street,Digital,Active,1,5,3,current 2-5 target,medium,25,excessive_other_milestones,,,,,,,,,https://www.powerhousedata.com/ | https://harrisonst.com/powerhouse-data-centers-closes-on-nevada-site-for-powerhouse-reno/ | https://www.americanrepartners.com/news/harrison-street-and-powerhouse-data-centers-sell-powered-shell-data-center-in-ashburn-virginia,,
prairie-rose-wind__united-states,21283,Prairie Rose Wind,United States,Harbert Management Corp (Harbert Infra / Gulf Pacific),Power & ET,Active,1,3,3,current 2-5 target,medium,25,excessive_other_milestones,,,,,,,,,https://www.globenewswire.com/news-release/2019/12/16/1961121/0/en/Gulf-Pacific-Power-Acquires-Majority-Stake-in-Wind-Portfolio.html | https://www.harbert.net/ | https://www.gem.wiki/Prairie_Rose_Wind_Farm,,
pueblo-airport-generating-station__united-states,2912,Pueblo Airport Generating Station,United States,Argo Infrastructure Partners,Power & ET,Active,1,3,4,current 2-5 target,medium,25,excessive_other_milestones,,,,,,,,,https://www.sec.gov/Archives/edgar/data/1130464/000113046416000209/bkh10qq22016.htm | https://ir.blackhillscorp.com/static-files/b5529837-4c7b-46c0-b743-2a1b128db28a | https://graycor.com/project/pags-expansion-unit-6-phase-ii/ | https://www.renewablesinfo.org/plant/56998,,
red-de-carreteras-de-occidente-s-a-b-de-c-v__mexico,19701,"Red de Carreteras de Occidente, S.A.B. de C.V.",Mexico,GIC,Transportation,Active,1,5,4,current 2-5 target,medium,25,excessive_other_milestones,,,,,,,,,https://redviacorta.mx/acerca-de-nosotros | https://www.abertis.com/news/abertis-y-gic-cierran-la-compra-del-72-de-red-de-/?lang=en | https://www.mundys.com/sites/default/files/documents/Press%20Release-2020-06-04-1043.pdf | https://www.fitchratings.com/research/infrastructure-project-finance/fitch-affirms-red-de-carreteras-de-occidente-sr-secured-notes-at-bbb-outlook-stable-07-03-2025,,
rocky-ridge-wind__united-states,21310,Rocky Ridge Wind,United States,Harbert Management Corp (Harbert Infra / Gulf Pacific),Power & ET,Active,1,3,3,current 2-5 target,medium,25,excessive_other_milestones,,,,,,,,,https://www.enel.cl/en/meet-enel/media/news/d201712-enel-sells-majority-stake-in-two-us-wind-farms-while-keeping-plant-management.html | https://www.harbert.net/ | https://www.gem.wiki/Rocky_Ridge_Wind_Energy_Center,,
royal-canadian-mounted-police-e-division-hq__canada,24102,Royal Canadian Mounted Police 'E' Division HQ,Canada,InfraRed Capital Partners,Social Infra,Active,1,3,3,current 2-5 target,medium,25,excessive_other_milestones,,,,,,,,,https://www.hicl.com/portfolio/project/royal-canadian-mounted-police-e-division-headquarters-canada/ | https://www.ircp.com/news/hicl-infrastructure-company-limited-completion-acquisition-and-partial-disposal/ | https://www.publicsafety.gc.ca/cnt/cntrng-crm/plcng/cnmcs-plcng/ndx/dtls-en.aspx?n=491,,
solcap-keystate-renewables-jvs__united-states,19358,SOLCAP (KeyState Renewables JVs),United States,Generate Capital,Power & ET,Active,1,3,3,current 2-5 target,medium,25,excessive_other_milestones,,,,,,,,,https://generatecapital.com/generate-capital-and-keystate-renewables-solcap-platform-deliver-53-5-mwdc-in-community-solar-across-11-projects-in-new-york-with-latest-joint-tax-equity-facility-close/ | https://generatecapital.com/generate-capital-closes-85-million-community-solar-tax-equity-fund/ | https://www.prnewswire.com/news-releases/generate-capital-closes-85-million-community-solar-tax-equity-fund-with-keystate-expanding-leadership-in-distributed-clean-energy-financing-302579282.html,,
southgate-solar-project__canada,11610,Southgate Solar Project,Canada,CC&L,Power & ET,Active,1,4,4,current 2-5 target,medium,25,excessive_other_milestones,,,,,,,,,https://cclinfrastructure.cclgroup.com/what-we-do/southgate-solar-project-case-study/ | https://cclinfrastructure.cclgroup.com/our-investments/portfolio-overview/ | https://www.rds.oeb.ca/CMWebDrawer/Record/517239/File/document | https://www.pcl.com/ca/en/our-work/southgate-solar-,,
sparkfund__united-states,33892,Sparkfund,United States,Vision Ridge,Power & ET,Active,1,3,4,current 2-5 target,medium,25,low_value_milestone,,,,2017 | Financing | Vision Ridge participated in Sparkfund's Series B financing; the exact fund vehicle was not publicly disclosed in reviewed sources.,,,,,https://sparkfund.com/about-us | https://vision-ridge.com/investments/ | https://builtin.com/job/sr-hr-generalist-epx/3730820 | https://www.latitudemedia.com/news/xcel-proposes-nations-first-distributed-capacity-procurement-in-minnesota/,,
st-lawrence-wind__canada,21337,St. Lawrence Wind,Canada,Harbert Management Corp (Harbert Infra / Gulf Pacific),Power & ET,Active,1,3,3,current 2-5 target,medium,25,excessive_other_milestones,,,,,,,,,https://www.globenewswire.com/news-release/2019/12/16/1961121/0/en/Gulf-Pacific-Power-Acquires-Majority-Stake-in-Wind-Portfolio.html | https://www.harbert.net/ | https://www.iea.org/policies/4632-27-mw-st-lawrence-wind-farm,,
sunzia-wind-and-transmission__united-states,12306,SunZia Wind and Transmission,United States,CDPQ,Power & ET,Active,1,3,3,current 2-5 target,medium,25,excessive_other_milestones,,,,,,,,,https://patternenergy.com/pattern-energy-closes-11-billion-financing-of-largest-clean-energy-infrastructure-project-in-u-s-history/ | https://patternenergy.com/fr/projects/sunzia-wind-and-transmission/ | https://www.lacaisse.com/sites/default/files/medias/pdf/en/ra/2024_cdpq_add_information.pdf,,
swiftsure-housing-partners-broadview-at-vanderbilt__united-states,6593,Swiftsure Housing Partners (Broadview at Vanderbilt),United States,Axium Infrastructure,Social Infra,Active,1,5,5,current 2-5 target,medium,25,excessive_other_milestones,,,,,,,,,https://www.axiuminfra.com/portfolio-assets/?lang=en | https://bbcampussolutions.com/balfour-beatty-campus-solutions-to-develop-mixed-use-student-housing-project-for-vanderbilt-university/ | https://www.balfourbeatty.com/media-centre/latest/balfour-beatty-campus-solutions-to-develop-mixed-use-student-housing-project-for-vanderbilt-university/ | https://www.balfourbeatty.com/media-centre/latest/balfour-beatty-campus-solutions-student-housing-development-at-vanderbilt-university-earns-leed-gold-certification/ | https://www.bdconnect.com/bd-partners-with-vanderbilt-university-to-deliver-their-new-p3-graduate-village/,,
texas-abilene-hyperscale-data-centre__united-states,13808,Texas Abilene Hyperscale Data Centre,United States,CPP Investments,Digital,Active,1,5,4,current 2-5 target,medium,25,excessive_other_milestones,,,,,,,,,https://www.crusoe.ai/resources/newsroom/crusoe-blue-owl-capital-primary-digital-joint-venture | https://www.crusoe.ai/resources/newsroom/crusoe-blue-owl-capital-and-primary-digital-infrastructure-enter-joint-venture | https://www.cppinvestments.com/newsroom/cpp-investments-net-assets-total-777-5-billion-at-second-quarter-fiscal-2026/ | https://www.crusoe.ai/resources/newsroom/crusoe-announces-new-900-mw-ai-factory-campus-in-abilene-texas-to-support-microsoft-ai-infrastructure,,
texas-microgrid-entities-generate-er-ng__united-states,19412,Texas Microgrid Entities (Generate ER-NG),United States,Generate Capital,Power & ET,Active,1,3,4,current 2-5 target,medium,25,excessive_other_milestones,,,,,,,,,https://www.whitecase.com/insight-alert/summary-ferc-meeting-agenda-february-2023 | https://www.ferc.gov/media/e-17-el23-7-000 | https://generatecapital.com/ | https://generatecapital.com/cities-and-campuses/,,
tramcit__canada,12333,TramCité,Canada,CDPQ,Transportation,Active,1,3,4,current 2-5 target,medium,25,excessive_other_milestones,,,,,,,,,https://cdpqinfra.com/en/news/pressreleases/cdpq-infra-launches-a-procurement-notice-for-the-tramcite-project | https://cdpqinfra.com/sites/cdpqinfrad8/files/2025-03/Seance_information_avis_marche_TramCite-EN_web_0.pdf | https://www.newswire.ca/news-releases/tramcite-takes-an-important-step-forward-with-the-announcement-of-the-qualified-consortia-for-two-major-contracts-834300933.html | https://cdpqinfra.com/en/news/pressreleases/tramcite-announces-selected-consortia-for-the-civil-and-systems-contracts,,
transalta-keephills-data-centre-jv__canada,13839,TransAlta Keephills Data Centre JV,Canada,CPP Investments,Digital,Active,1,5,3,current 2-5 target,medium,25,excessive_other_milestones,,,,,,,,,https://transalta.com/newsroom/transalta-enters-memorandum-of-understanding-for-data-centre-development-at-keephills-site-with-potential-to-scale-up-to-1-gw/ | https://www.datacenterdynamics.com/en/news/transalta-cpp-brookfield-ink-mou-for-230mw-alberta-data-center-project/ | https://transalta.com/,,
urban-grid__united-states,10233,Urban Grid,United States,Brookfield Asset Management,Power & ET,Active,1,3,3,current 2-5 target,medium,25,excessive_other_milestones,,,,,,,,,https://urbangridco.com/ | https://bep.brookfield.com/press-releases/bepc/brookfield-renewable-acquires-premier-renewable-developer-urban-grid-adding | https://bam.brookfield.com/press-releases/bci-norges-bank-investment-management-and-brookfield-partner-launch-northview-energy,,
utility-pipeline-ltd__united-states,23127,"Utility Pipeline, Ltd.",United States,iCON Infrastructure,Midstream,Active,1,4,4,current 2-5 target,medium,25,excessive_other_milestones,,,,,,,,,https://www.utilitypipelineltd.com/ | https://www.utilitypipelineltd.com/news/icon-infrastructure-vi-lp-acquire-interest-utility-pipeline-ltd | https://www.utilitypipelineltd.com/news/utility-pipeline-ltd-change-ownership-icon-infrastructure-vi-lp | https://www.lincolninternational.com/transactions/brown-brothers-harriman-has-sold-utility-pipeline-to-icon-infrastructure/,,
vertus-battery-storage__united-states,18813,Vertus Battery Storage,United States,Fengate Asset Management,Power & ET,Active,1,3,3,current 2-5 target,medium,25,excessive_other_milestones,,,,,,,,,https://fengate.com/investments/vertus-battery-storage | https://fengate.com/news/fengate-and-alpha-omega-power-achieve-financial-close-on-400mwh-battery-storage-project-in-texas | https://www.aoprenewables.com/,,
win-waste-innovations__united-states,26312,WIN Waste Innovations,United States,Macquarie Asset Management,Social Infra,Active,1,5,4,current 2-5 target,medium,25,excessive_other_milestones,,,,,,,,,https://www.win-waste.com/ | https://www.win-waste.com/about-us/ | https://www.macquarie.com/us/en/about/company/macquarie-asset-management/our-portfolio/win-waste-innovations.html | https://www.prnewswire.com/news-releases/ten-industry-leading-brands-combine-to-form-win-waste-innovations-301263240.html,,
wyyerd-fiber__united-states,10624,Wyyerd Fiber,United States,Carlyle Infrastructure,Digital,Active,1,5,5,current 2-5 target,medium,25,excessive_other_milestones,,,,,,,,,https://www.wyyerd.com/about | https://www.carlyle.com/media-room/news-release-archive/carlyle-acquire-expand-data-center-company-involta | https://www.wyyerd.com/post/wyyerd-fiber-announces-debt-financing-to-accelerate-fiber-deployment | https://www.wyyerd.com/post/wyyerd-fiber-secures-additional-financing-to-accelerate-expansion-increasing-its-debt-facility-to-435m | https://www.wyyerd.com/post/wyyerd-fiber-announces-major-arizona-expansion-with-acquisition-of-fiber-network-assets,,
back-bay-solar-llc__united-states,26406,"Back Bay Solar, LLC",United States,Manulife,Power & ET,Active,1,2,3,current 2-5 target,medium,15,no_transaction_or_milestone_source_purpose,,,,,,,,no_transaction_or_milestone_source_purpose,https://www.manulifeim.com/institutional/global/en/strategies/private-markets/infrastructure/infrastructure-team | https://www.manulifeim.com/institutional/global/en/strategies/private-markets/infrastructure/partners | https://casedocs.omniagentsolutions.com/cmsvol2/pub_47561/ee723603-978e-4a6c-b181-4500bc35cb22_509.pdf,,
phoenix-renewables__united-states,3821,Phoenix Renewables,United States,ArcLight Capital Partners,Power & ET,Active,1,2,3,current 2-5 target,medium,15,no_transaction_or_milestone_source_purpose,,,,,,,,no_transaction_or_milestone_source_purpose,https://arclight.com/portfolio-services/ | https://arclight.com/investments/ | https://www.prnewswire.com/news-releases/arclight-announces-operating-focused-renewables-initiative-and-new-wind-investment-302207994.html,,
thunderbird-renewables__united-states,4021,Thunderbird Renewables,United States,ArcLight Capital Partners,Power & ET,Active,1,2,3,current 2-5 target,medium,15,no_transaction_or_milestone_source_purpose,,,,,,,,no_transaction_or_milestone_source_purpose,https://arclight.com/portfolio-services/ | https://arclight.com/investments/ | https://www.prnewswire.com/news-releases/arclight-announces-operating-focused-renewables-initiative-and-new-wind-investment-302207994.html,,
